Id,rating
0,3.9569483451930587
1,3.9569483451930587
2,3.9569483451930587
3,3.9569483451930587
4,3.9569483451930587
5,3.9569483451930587
6,3.9569483451930587
7,3.9569483451930587
8,3.9569483451930587
9,3.9569483451930587
10,3.9569483451930587
11,3.9569483451930587
12,3.9569483451930587
13,3.9569483451930587
14,3.9569483451930587
15,3.9569483451930587
16,3.9569483451930587
17,3.9569483451930587
18,3.9569483451930587
19,3.9569483451930587
20,3.9569483451930587
21,3.9569483451930587
22,3.9569483451930587
23,3.9569483451930587
24,3.9569483451930587
25,3.9569483451930587
26,3.9569483451930587
27,3.9569483451930587
28,3.9569483451930587
29,3.9569483451930587
30,3.9569483451930587
31,3.9569483451930587
32,3.9569483451930587
33,3.9569483451930587
34,3.9569483451930587
35,3.9569483451930587
36,3.9569483451930587
37,3.9569483451930587
38,3.9569483451930587
39,3.9569483451930587
40,3.9569483451930587
41,3.9569483451930587
42,3.9569483451930587
43,3.9569483451930587
44,3.9569483451930587
45,3.9569483451930587
46,3.9569483451930587
47,3.9569483451930587
48,3.9569483451930587
49,3.9569483451930587
50,3.9569483451930587
51,3.9569483451930587
52,3.9569483451930587
53,3.9569483451930587
54,3.9569483451930587
55,3.9569483451930587
56,3.9569483451930587
57,3.9569483451930587
58,3.9569483451930587
59,3.9569483451930587
60,3.9569483451930587
61,3.9569483451930587
62,3.9569483451930587
63,3.9569483451930587
64,3.9569483451930587
65,3.9569483451930587
66,3.9569483451930587
67,3.9569483451930587
68,3.9569483451930587
69,3.9569483451930587
70,3.9569483451930587
71,3.9569483451930587
72,3.9569483451930587
73,3.9569483451930587
74,3.9569483451930587
75,3.9569483451930587
76,3.9569483451930587
77,3.9569483451930587
78,3.9569483451930587
79,3.9569483451930587
80,3.9569483451930587
81,3.9569483451930587
82,3.9569483451930587
83,3.9569483451930587
84,3.9569483451930587
85,3.9569483451930587
86,3.9569483451930587
87,3.9569483451930587
88,3.9569483451930587
89,3.9569483451930587
90,3.9569483451930587
91,3.9569483451930587
92,3.9569483451930587
93,3.9569483451930587
94,3.9569483451930587
95,3.9569483451930587
96,3.9569483451930587
97,3.9569483451930587
98,3.9569483451930587
99,3.9569483451930587
100,3.9569483451930587
101,3.9569483451930587
102,3.9569483451930587
103,3.9569483451930587
104,3.9569483451930587
105,3.9569483451930587
106,3.9569483451930587
107,3.9569483451930587
108,3.9569483451930587
109,3.9569483451930587
110,3.9569483451930587
111,3.9569483451930587
112,3.9569483451930587
113,3.9569483451930587
114,3.9569483451930587
115,3.9569483451930587
116,3.9569483451930587
117,3.9569483451930587
118,3.9569483451930587
119,3.9569483451930587
120,3.9569483451930587
121,3.9569483451930587
122,3.9569483451930587
123,3.9569483451930587
124,3.9569483451930587
125,3.9569483451930587
126,3.9569483451930587
127,3.9569483451930587
128,3.9569483451930587
129,3.9569483451930587
130,3.9569483451930587
131,3.9569483451930587
132,3.9569483451930587
133,3.9569483451930587
134,3.9569483451930587
135,3.9569483451930587
136,3.9569483451930587
137,3.9569483451930587
138,3.9569483451930587
139,3.9569483451930587
140,3.9569483451930587
141,3.9569483451930587
142,3.9569483451930587
143,3.9569483451930587
144,3.9569483451930587
145,3.9569483451930587
146,3.9569483451930587
147,3.9569483451930587
148,3.9569483451930587
149,3.9569483451930587
150,3.9569483451930587
151,3.9569483451930587
152,3.9569483451930587
153,3.9569483451930587
154,3.9569483451930587
155,3.9569483451930587
156,3.9569483451930587
157,3.9569483451930587
158,3.9569483451930587
159,3.9569483451930587
160,3.9569483451930587
161,3.9569483451930587
162,3.9569483451930587
163,3.9569483451930587
164,3.9569483451930587
165,3.9569483451930587
166,3.9569483451930587
167,3.9569483451930587
168,3.9569483451930587
169,3.9569483451930587
170,3.9569483451930587
171,3.9569483451930587
172,3.9569483451930587
173,3.9569483451930587
174,3.9569483451930587
175,3.9569483451930587
176,3.9569483451930587
177,3.9569483451930587
178,3.9569483451930587
179,3.9569483451930587
180,3.9569483451930587
181,3.9569483451930587
182,3.9569483451930587
183,3.9569483451930587
184,3.9569483451930587
185,3.9569483451930587
186,3.9569483451930587
187,3.9569483451930587
188,3.9569483451930587
189,3.9569483451930587
190,3.9569483451930587
191,3.9569483451930587
192,3.9569483451930587
193,3.9569483451930587
194,3.9569483451930587
195,3.9569483451930587
196,3.9569483451930587
197,3.9569483451930587
198,3.9569483451930587
199,3.9569483451930587
200,3.9569483451930587
201,3.9569483451930587
202,3.9569483451930587
203,3.9569483451930587
204,3.9569483451930587
205,3.9569483451930587
206,3.9569483451930587
207,3.9569483451930587
208,3.9569483451930587
209,3.9569483451930587
210,3.9569483451930587
211,3.9569483451930587
212,3.9569483451930587
213,3.9569483451930587
214,3.9569483451930587
215,3.9569483451930587
216,3.9569483451930587
217,3.9569483451930587
218,3.9569483451930587
219,3.9569483451930587
220,3.9569483451930587
221,3.9569483451930587
222,3.9569483451930587
223,3.9569483451930587
224,3.9569483451930587
225,3.9569483451930587
226,3.9569483451930587
227,3.9569483451930587
228,3.9569483451930587
229,3.9569483451930587
230,3.9569483451930587
231,3.9569483451930587
232,3.9569483451930587
233,3.9569483451930587
234,3.9569483451930587
235,3.9569483451930587
236,3.9569483451930587
237,3.9569483451930587
238,3.9569483451930587
239,3.9569483451930587
240,3.9569483451930587
241,3.9569483451930587
242,3.9569483451930587
243,3.9569483451930587
244,3.9569483451930587
245,3.9569483451930587
246,3.9569483451930587
247,3.9569483451930587
248,3.9569483451930587
249,3.9569483451930587
250,3.9569483451930587
251,3.9569483451930587
252,3.9569483451930587
253,3.9569483451930587
254,3.9569483451930587
255,3.9569483451930587
256,3.9569483451930587
257,3.9569483451930587
258,3.9569483451930587
259,3.9569483451930587
260,3.9569483451930587
261,3.9569483451930587
262,3.9569483451930587
263,3.9569483451930587
264,3.9569483451930587
265,3.9569483451930587
266,3.9569483451930587
267,3.9569483451930587
268,3.9569483451930587
269,3.9569483451930587
270,3.9569483451930587
271,3.9569483451930587
272,3.9569483451930587
273,3.9569483451930587
274,3.9569483451930587
275,3.9569483451930587
276,3.9569483451930587
277,3.9569483451930587
278,3.9569483451930587
279,3.9569483451930587
280,3.9569483451930587
281,3.9569483451930587
282,3.9569483451930587
283,3.9569483451930587
284,3.9569483451930587
285,3.9569483451930587
286,3.9569483451930587
287,3.9569483451930587
288,3.9569483451930587
289,3.9569483451930587
290,3.9569483451930587
291,3.9569483451930587
292,3.9569483451930587
293,3.9569483451930587
294,3.9569483451930587
295,3.9569483451930587
296,3.9569483451930587
297,3.9569483451930587
298,3.9569483451930587
299,3.9569483451930587
300,3.9569483451930587
301,3.9569483451930587
302,3.9569483451930587
303,3.9569483451930587
304,3.9569483451930587
305,3.9569483451930587
306,3.9569483451930587
307,3.9569483451930587
308,3.9569483451930587
309,3.9569483451930587
310,3.9569483451930587
311,3.9569483451930587
312,3.9569483451930587
313,3.9569483451930587
314,3.9569483451930587
315,3.9569483451930587
316,3.9569483451930587
317,3.9569483451930587
318,3.9569483451930587
319,3.9569483451930587
320,3.9569483451930587
321,3.9569483451930587
322,3.9569483451930587
323,3.9569483451930587
324,3.9569483451930587
325,3.9569483451930587
326,3.9569483451930587
327,3.9569483451930587
328,3.9569483451930587
329,3.9569483451930587
330,3.9569483451930587
331,3.9569483451930587
332,3.9569483451930587
333,3.9569483451930587
334,3.9569483451930587
335,3.9569483451930587
336,3.9569483451930587
337,3.9569483451930587
338,3.9569483451930587
339,3.9569483451930587
340,3.9569483451930587
341,3.9569483451930587
342,3.9569483451930587
343,3.9569483451930587
344,3.9569483451930587
345,3.9569483451930587
346,3.9569483451930587
347,3.9569483451930587
348,3.9569483451930587
349,3.9569483451930587
350,3.9569483451930587
351,3.9569483451930587
352,3.9569483451930587
353,3.9569483451930587
354,3.9569483451930587
355,3.9569483451930587
356,3.9569483451930587
357,3.9569483451930587
358,3.9569483451930587
359,3.9569483451930587
360,3.9569483451930587
361,3.9569483451930587
362,3.9569483451930587
363,3.9569483451930587
364,3.9569483451930587
365,3.9569483451930587
366,3.9569483451930587
367,3.9569483451930587
368,3.9569483451930587
369,3.9569483451930587
370,3.9569483451930587
371,3.9569483451930587
372,3.9569483451930587
373,3.9569483451930587
374,3.9569483451930587
375,3.9569483451930587
376,3.9569483451930587
377,3.9569483451930587
378,3.9569483451930587
379,3.9569483451930587
380,3.9569483451930587
381,3.9569483451930587
382,3.9569483451930587
383,3.9569483451930587
384,3.9569483451930587
385,3.9569483451930587
386,3.9569483451930587
387,3.9569483451930587
388,3.9569483451930587
389,3.9569483451930587
390,3.9569483451930587
391,3.9569483451930587
392,3.9569483451930587
393,3.9569483451930587
394,3.9569483451930587
395,3.9569483451930587
396,3.9569483451930587
397,3.9569483451930587
398,3.9569483451930587
399,3.9569483451930587
400,3.9569483451930587
401,3.9569483451930587
402,3.9569483451930587
403,3.9569483451930587
404,3.9569483451930587
405,3.9569483451930587
406,3.9569483451930587
407,3.9569483451930587
408,3.9569483451930587
409,3.9569483451930587
410,3.9569483451930587
411,3.9569483451930587
412,3.9569483451930587
413,3.9569483451930587
414,3.9569483451930587
415,3.9569483451930587
416,3.9569483451930587
417,3.9569483451930587
418,3.9569483451930587
419,3.9569483451930587
420,3.9569483451930587
421,3.9569483451930587
422,3.9569483451930587
423,3.9569483451930587
424,3.9569483451930587
425,3.9569483451930587
426,3.9569483451930587
427,3.9569483451930587
428,3.9569483451930587
429,3.9569483451930587
430,3.9569483451930587
431,3.9569483451930587
432,3.9569483451930587
433,3.9569483451930587
434,3.9569483451930587
435,3.9569483451930587
436,3.9569483451930587
437,3.9569483451930587
438,3.9569483451930587
439,3.9569483451930587
440,3.9569483451930587
441,3.9569483451930587
442,3.9569483451930587
443,3.9569483451930587
444,3.9569483451930587
445,3.9569483451930587
446,3.9569483451930587
447,3.9569483451930587
448,3.9569483451930587
449,3.9569483451930587
450,3.9569483451930587
451,3.9569483451930587
452,3.9569483451930587
453,3.9569483451930587
454,3.9569483451930587
455,3.9569483451930587
456,3.9569483451930587
457,3.9569483451930587
458,3.9569483451930587
459,3.9569483451930587
460,3.9569483451930587
461,3.9569483451930587
462,3.9569483451930587
463,3.9569483451930587
464,3.9569483451930587
465,3.9569483451930587
466,3.9569483451930587
467,3.9569483451930587
468,3.9569483451930587
469,3.9569483451930587
470,3.9569483451930587
471,3.9569483451930587
472,3.9569483451930587
473,3.9569483451930587
474,3.9569483451930587
475,3.9569483451930587
476,3.9569483451930587
477,3.9569483451930587
478,3.9569483451930587
479,3.9569483451930587
480,3.9569483451930587
481,3.9569483451930587
482,3.9569483451930587
483,3.9569483451930587
484,3.9569483451930587
485,3.9569483451930587
486,3.9569483451930587
487,3.9569483451930587
488,3.9569483451930587
489,3.9569483451930587
490,3.9569483451930587
491,3.9569483451930587
492,3.9569483451930587
493,3.9569483451930587
494,3.9569483451930587
495,3.9569483451930587
496,3.9569483451930587
497,3.9569483451930587
498,3.9569483451930587
499,3.9569483451930587
500,3.9569483451930587
501,3.9569483451930587
502,3.9569483451930587
503,3.9569483451930587
504,3.9569483451930587
505,3.9569483451930587
506,3.9569483451930587
507,3.9569483451930587
508,3.9569483451930587
509,3.9569483451930587
510,3.9569483451930587
511,3.9569483451930587
512,3.9569483451930587
513,3.9569483451930587
514,3.9569483451930587
515,3.9569483451930587
516,3.9569483451930587
517,3.9569483451930587
518,3.9569483451930587
519,3.9569483451930587
520,3.9569483451930587
521,3.9569483451930587
522,3.9569483451930587
523,3.9569483451930587
524,3.9569483451930587
525,3.9569483451930587
526,3.9569483451930587
527,3.9569483451930587
528,3.9569483451930587
529,3.9569483451930587
530,3.9569483451930587
531,3.9569483451930587
532,3.9569483451930587
533,3.9569483451930587
534,3.9569483451930587
535,3.9569483451930587
536,3.9569483451930587
537,3.9569483451930587
538,3.9569483451930587
539,3.9569483451930587
540,3.9569483451930587
541,3.9569483451930587
542,3.9569483451930587
543,3.9569483451930587
544,3.9569483451930587
545,3.9569483451930587
546,3.9569483451930587
547,3.9569483451930587
548,3.9569483451930587
549,3.9569483451930587
550,3.9569483451930587
551,3.9569483451930587
552,3.9569483451930587
553,3.9569483451930587
554,3.9569483451930587
555,3.9569483451930587
556,3.9569483451930587
557,3.9569483451930587
558,3.9569483451930587
559,3.9569483451930587
560,3.9569483451930587
561,3.9569483451930587
562,3.9569483451930587
563,3.9569483451930587
564,3.9569483451930587
565,3.9569483451930587
566,3.9569483451930587
567,3.9569483451930587
568,3.9569483451930587
569,3.9569483451930587
570,3.9569483451930587
571,3.9569483451930587
572,3.9569483451930587
573,3.9569483451930587
574,3.9569483451930587
575,3.9569483451930587
576,3.9569483451930587
577,3.9569483451930587
578,3.9569483451930587
579,3.9569483451930587
580,3.9569483451930587
581,3.9569483451930587
582,3.9569483451930587
583,3.9569483451930587
584,3.9569483451930587
585,3.9569483451930587
586,3.9569483451930587
587,3.9569483451930587
588,3.9569483451930587
589,3.9569483451930587
590,3.9569483451930587
591,3.9569483451930587
592,3.9569483451930587
593,3.9569483451930587
594,3.9569483451930587
595,3.9569483451930587
596,3.9569483451930587
597,3.9569483451930587
598,3.9569483451930587
599,3.9569483451930587
600,3.9569483451930587
601,3.9569483451930587
602,3.9569483451930587
603,3.9569483451930587
604,3.9569483451930587
605,3.9569483451930587
606,3.9569483451930587
607,3.9569483451930587
608,3.9569483451930587
609,3.9569483451930587
610,3.9569483451930587
611,3.9569483451930587
612,3.9569483451930587
613,3.9569483451930587
614,3.9569483451930587
615,3.9569483451930587
616,3.9569483451930587
617,3.9569483451930587
618,3.9569483451930587
619,3.9569483451930587
620,3.9569483451930587
621,3.9569483451930587
622,3.9569483451930587
623,3.9569483451930587
624,3.9569483451930587
625,3.9569483451930587
626,3.9569483451930587
627,3.9569483451930587
628,3.9569483451930587
629,3.9569483451930587
630,3.9569483451930587
631,3.9569483451930587
632,3.9569483451930587
633,3.9569483451930587
634,3.9569483451930587
635,3.9569483451930587
636,3.9569483451930587
637,3.9569483451930587
638,3.9569483451930587
639,3.9569483451930587
640,3.9569483451930587
641,3.9569483451930587
642,3.9569483451930587
643,3.9569483451930587
644,3.9569483451930587
645,3.9569483451930587
646,3.9569483451930587
647,3.9569483451930587
648,3.9569483451930587
649,3.9569483451930587
650,3.9569483451930587
651,3.9569483451930587
652,3.9569483451930587
653,3.9569483451930587
654,3.9569483451930587
655,3.9569483451930587
656,3.9569483451930587
657,3.9569483451930587
658,3.9569483451930587
659,3.9569483451930587
660,3.9569483451930587
661,3.9569483451930587
662,3.9569483451930587
663,3.9569483451930587
664,3.9569483451930587
665,3.9569483451930587
666,3.9569483451930587
667,3.9569483451930587
668,3.9569483451930587
669,3.9569483451930587
670,3.9569483451930587
671,3.9569483451930587
672,3.9569483451930587
673,3.9569483451930587
674,3.9569483451930587
675,3.9569483451930587
676,3.9569483451930587
677,3.9569483451930587
678,3.9569483451930587
679,3.9569483451930587
680,3.9569483451930587
681,3.9569483451930587
682,3.9569483451930587
683,3.9569483451930587
684,3.9569483451930587
685,3.9569483451930587
686,3.9569483451930587
687,3.9569483451930587
688,3.9569483451930587
689,3.9569483451930587
690,3.9569483451930587
691,3.9569483451930587
692,3.9569483451930587
693,3.9569483451930587
694,3.9569483451930587
695,3.9569483451930587
696,3.9569483451930587
697,3.9569483451930587
698,3.9569483451930587
699,3.9569483451930587
700,3.9569483451930587
701,3.9569483451930587
702,3.9569483451930587
703,3.9569483451930587
704,3.9569483451930587
705,3.9569483451930587
706,3.9569483451930587
707,3.9569483451930587
708,3.9569483451930587
709,3.9569483451930587
710,3.9569483451930587
711,3.9569483451930587
712,3.9569483451930587
713,3.9569483451930587
714,3.9569483451930587
715,3.9569483451930587
716,3.9569483451930587
717,3.9569483451930587
718,3.9569483451930587
719,3.9569483451930587
720,3.9569483451930587
721,3.9569483451930587
722,3.9569483451930587
723,3.9569483451930587
724,3.9569483451930587
725,3.9569483451930587
726,3.9569483451930587
727,3.9569483451930587
728,3.9569483451930587
729,3.9569483451930587
730,3.9569483451930587
731,3.9569483451930587
732,3.9569483451930587
733,3.9569483451930587
734,3.9569483451930587
735,3.9569483451930587
736,3.9569483451930587
737,3.9569483451930587
738,3.9569483451930587
739,3.9569483451930587
740,3.9569483451930587
741,3.9569483451930587
742,3.9569483451930587
743,3.9569483451930587
744,3.9569483451930587
745,3.9569483451930587
746,3.9569483451930587
747,3.9569483451930587
748,3.9569483451930587
749,3.9569483451930587
750,3.9569483451930587
751,3.9569483451930587
752,3.9569483451930587
753,3.9569483451930587
754,3.9569483451930587
755,3.9569483451930587
756,3.9569483451930587
757,3.9569483451930587
758,3.9569483451930587
759,3.9569483451930587
760,3.9569483451930587
761,3.9569483451930587
762,3.9569483451930587
763,3.9569483451930587
764,3.9569483451930587
765,3.9569483451930587
766,3.9569483451930587
767,3.9569483451930587
768,3.9569483451930587
769,3.9569483451930587
770,3.9569483451930587
771,3.9569483451930587
772,3.9569483451930587
773,3.9569483451930587
774,3.9569483451930587
775,3.9569483451930587
776,3.9569483451930587
777,3.9569483451930587
778,3.9569483451930587
779,3.9569483451930587
780,3.9569483451930587
781,3.9569483451930587
782,3.9569483451930587
783,3.9569483451930587
784,3.9569483451930587
785,3.9569483451930587
786,3.9569483451930587
787,3.9569483451930587
788,3.9569483451930587
789,3.9569483451930587
790,3.9569483451930587
791,3.9569483451930587
792,3.9569483451930587
793,3.9569483451930587
794,3.9569483451930587
795,3.9569483451930587
796,3.9569483451930587
797,3.9569483451930587
798,3.9569483451930587
799,3.9569483451930587
800,3.9569483451930587
801,3.9569483451930587
802,3.9569483451930587
803,3.9569483451930587
804,3.9569483451930587
805,3.9569483451930587
806,3.9569483451930587
807,3.9569483451930587
808,3.9569483451930587
809,3.9569483451930587
810,3.9569483451930587
811,3.9569483451930587
812,3.9569483451930587
813,3.9569483451930587
814,3.9569483451930587
815,3.9569483451930587
816,3.9569483451930587
817,3.9569483451930587
818,3.9569483451930587
819,3.9569483451930587
820,3.9569483451930587
821,3.9569483451930587
822,3.9569483451930587
823,3.9569483451930587
824,3.9569483451930587
825,3.9569483451930587
826,3.9569483451930587
827,3.9569483451930587
828,3.9569483451930587
829,3.9569483451930587
830,3.9569483451930587
831,3.9569483451930587
832,3.9569483451930587
833,3.9569483451930587
834,3.9569483451930587
835,3.9569483451930587
836,3.9569483451930587
837,3.9569483451930587
838,3.9569483451930587
839,3.9569483451930587
840,3.9569483451930587
841,3.9569483451930587
842,3.9569483451930587
843,3.9569483451930587
844,3.9569483451930587
845,3.9569483451930587
846,3.9569483451930587
847,3.9569483451930587
848,3.9569483451930587
849,3.9569483451930587
850,3.9569483451930587
851,3.9569483451930587
852,3.9569483451930587
853,3.9569483451930587
854,3.9569483451930587
855,3.9569483451930587
856,3.9569483451930587
857,3.9569483451930587
858,3.9569483451930587
859,3.9569483451930587
860,3.9569483451930587
861,3.9569483451930587
862,3.9569483451930587
863,3.9569483451930587
864,3.9569483451930587
865,3.9569483451930587
866,3.9569483451930587
867,3.9569483451930587
868,3.9569483451930587
869,3.9569483451930587
870,3.9569483451930587
871,3.9569483451930587
872,3.9569483451930587
873,3.9569483451930587
874,3.9569483451930587
875,3.9569483451930587
876,3.9569483451930587
877,3.9569483451930587
878,3.9569483451930587
879,3.9569483451930587
880,3.9569483451930587
881,3.9569483451930587
882,3.9569483451930587
883,3.9569483451930587
884,3.9569483451930587
885,3.9569483451930587
886,3.9569483451930587
887,3.9569483451930587
888,3.9569483451930587
889,3.9569483451930587
890,3.9569483451930587
891,3.9569483451930587
892,3.9569483451930587
893,3.9569483451930587
894,3.9569483451930587
895,3.9569483451930587
896,3.9569483451930587
897,3.9569483451930587
898,3.9569483451930587
899,3.9569483451930587
900,3.9569483451930587
901,3.9569483451930587
902,3.9569483451930587
903,3.9569483451930587
904,3.9569483451930587
905,3.9569483451930587
906,3.9569483451930587
907,3.9569483451930587
908,3.9569483451930587
909,3.9569483451930587
910,3.9569483451930587
911,3.9569483451930587
912,3.9569483451930587
913,3.9569483451930587
914,3.9569483451930587
915,3.9569483451930587
916,3.9569483451930587
917,3.9569483451930587
918,3.9569483451930587
919,3.9569483451930587
920,3.9569483451930587
921,3.9569483451930587
922,3.9569483451930587
923,3.9569483451930587
924,3.9569483451930587
925,3.9569483451930587
926,3.9569483451930587
927,3.9569483451930587
928,3.9569483451930587
929,3.9569483451930587
930,3.9569483451930587
931,3.9569483451930587
932,3.9569483451930587
933,3.9569483451930587
934,3.9569483451930587
935,3.9569483451930587
936,3.9569483451930587
937,3.9569483451930587
938,3.9569483451930587
939,3.9569483451930587
940,3.9569483451930587
941,3.9569483451930587
942,3.9569483451930587
943,3.9569483451930587
944,3.9569483451930587
945,3.9569483451930587
946,3.9569483451930587
947,3.9569483451930587
948,3.9569483451930587
949,3.9569483451930587
950,3.9569483451930587
951,3.9569483451930587
952,3.9569483451930587
953,3.9569483451930587
954,3.9569483451930587
955,3.9569483451930587
956,3.9569483451930587
957,3.9569483451930587
958,3.9569483451930587
959,3.9569483451930587
960,3.9569483451930587
961,3.9569483451930587
962,3.9569483451930587
963,3.9569483451930587
964,3.9569483451930587
965,3.9569483451930587
966,3.9569483451930587
967,3.9569483451930587
968,3.9569483451930587
969,3.9569483451930587
970,3.9569483451930587
971,3.9569483451930587
972,3.9569483451930587
973,3.9569483451930587
974,3.9569483451930587
975,3.9569483451930587
976,3.9569483451930587
977,3.9569483451930587
978,3.9569483451930587
979,3.9569483451930587
980,3.9569483451930587
981,3.9569483451930587
982,3.9569483451930587
983,3.9569483451930587
984,3.9569483451930587
985,3.9569483451930587
986,3.9569483451930587
987,3.9569483451930587
988,3.9569483451930587
989,3.9569483451930587
990,3.9569483451930587
991,3.9569483451930587
992,3.9569483451930587
993,3.9569483451930587
994,3.9569483451930587
995,3.9569483451930587
996,3.9569483451930587
997,3.9569483451930587
998,3.9569483451930587
999,3.9569483451930587
1000,3.9569483451930587
1001,3.9569483451930587
1002,3.9569483451930587
1003,3.9569483451930587
1004,3.9569483451930587
1005,3.9569483451930587
1006,3.9569483451930587
1007,3.9569483451930587
1008,3.9569483451930587
1009,3.9569483451930587
1010,3.9569483451930587
1011,3.9569483451930587
1012,3.9569483451930587
1013,3.9569483451930587
1014,3.9569483451930587
1015,3.9569483451930587
1016,3.9569483451930587
1017,3.9569483451930587
1018,3.9569483451930587
1019,3.9569483451930587
1020,3.9569483451930587
1021,3.9569483451930587
1022,3.9569483451930587
1023,3.9569483451930587
1024,3.9569483451930587
1025,3.9569483451930587
1026,3.9569483451930587
1027,3.9569483451930587
1028,3.9569483451930587
1029,3.9569483451930587
1030,3.9569483451930587
1031,3.9569483451930587
1032,3.9569483451930587
1033,3.9569483451930587
1034,3.9569483451930587
1035,3.9569483451930587
1036,3.9569483451930587
1037,3.9569483451930587
1038,3.9569483451930587
1039,3.9569483451930587
1040,3.9569483451930587
1041,3.9569483451930587
1042,3.9569483451930587
1043,3.9569483451930587
1044,3.9569483451930587
1045,3.9569483451930587
1046,3.9569483451930587
1047,3.9569483451930587
1048,3.9569483451930587
1049,3.9569483451930587
1050,3.9569483451930587
1051,3.9569483451930587
1052,3.9569483451930587
1053,3.9569483451930587
1054,3.9569483451930587
1055,3.9569483451930587
1056,3.9569483451930587
1057,3.9569483451930587
1058,3.9569483451930587
1059,3.9569483451930587
1060,3.9569483451930587
1061,3.9569483451930587
1062,3.9569483451930587
1063,3.9569483451930587
1064,3.9569483451930587
1065,3.9569483451930587
1066,3.9569483451930587
1067,3.9569483451930587
1068,3.9569483451930587
1069,3.9569483451930587
1070,3.9569483451930587
1071,3.9569483451930587
1072,3.9569483451930587
1073,3.9569483451930587
1074,3.9569483451930587
1075,3.9569483451930587
1076,3.9569483451930587
1077,3.9569483451930587
1078,3.9569483451930587
1079,3.9569483451930587
1080,3.9569483451930587
1081,3.9569483451930587
1082,3.9569483451930587
1083,3.9569483451930587
1084,3.9569483451930587
1085,3.9569483451930587
1086,3.9569483451930587
1087,3.9569483451930587
1088,3.9569483451930587
1089,3.9569483451930587
1090,3.9569483451930587
1091,3.9569483451930587
1092,3.9569483451930587
1093,3.9569483451930587
1094,3.9569483451930587
1095,3.9569483451930587
1096,3.9569483451930587
1097,3.9569483451930587
1098,3.9569483451930587
1099,3.9569483451930587
1100,3.9569483451930587
1101,3.9569483451930587
1102,3.9569483451930587
1103,3.9569483451930587
1104,3.9569483451930587
1105,3.9569483451930587
1106,3.9569483451930587
1107,3.9569483451930587
1108,3.9569483451930587
1109,3.9569483451930587
1110,3.9569483451930587
1111,3.9569483451930587
1112,3.9569483451930587
1113,3.9569483451930587
1114,3.9569483451930587
1115,3.9569483451930587
1116,3.9569483451930587
1117,3.9569483451930587
1118,3.9569483451930587
1119,3.9569483451930587
1120,3.9569483451930587
1121,3.9569483451930587
1122,3.9569483451930587
1123,3.9569483451930587
1124,3.9569483451930587
1125,3.9569483451930587
1126,3.9569483451930587
1127,3.9569483451930587
1128,3.9569483451930587
1129,3.9569483451930587
1130,3.9569483451930587
1131,3.9569483451930587
1132,3.9569483451930587
1133,3.9569483451930587
1134,3.9569483451930587
1135,3.9569483451930587
1136,3.9569483451930587
1137,3.9569483451930587
1138,3.9569483451930587
1139,3.9569483451930587
1140,3.9569483451930587
1141,3.9569483451930587
1142,3.9569483451930587
1143,3.9569483451930587
1144,3.9569483451930587
1145,3.9569483451930587
1146,3.9569483451930587
1147,3.9569483451930587
1148,3.9569483451930587
1149,3.9569483451930587
1150,3.9569483451930587
1151,3.9569483451930587
1152,3.9569483451930587
1153,3.9569483451930587
1154,3.9569483451930587
1155,3.9569483451930587
1156,3.9569483451930587
1157,3.9569483451930587
1158,3.9569483451930587
1159,3.9569483451930587
1160,3.9569483451930587
1161,3.9569483451930587
1162,3.9569483451930587
1163,3.9569483451930587
1164,3.9569483451930587
1165,3.9569483451930587
1166,3.9569483451930587
1167,3.9569483451930587
1168,3.9569483451930587
1169,3.9569483451930587
1170,3.9569483451930587
1171,3.9569483451930587
1172,3.9569483451930587
1173,3.9569483451930587
1174,3.9569483451930587
1175,3.9569483451930587
1176,3.9569483451930587
1177,3.9569483451930587
1178,3.9569483451930587
1179,3.9569483451930587
1180,3.9569483451930587
1181,3.9569483451930587
1182,3.9569483451930587
1183,3.9569483451930587
1184,3.9569483451930587
1185,3.9569483451930587
1186,3.9569483451930587
1187,3.9569483451930587
1188,3.9569483451930587
1189,3.9569483451930587
1190,3.9569483451930587
1191,3.9569483451930587
1192,3.9569483451930587
1193,3.9569483451930587
1194,3.9569483451930587
1195,3.9569483451930587
1196,3.9569483451930587
1197,3.9569483451930587
1198,3.9569483451930587
1199,3.9569483451930587
1200,3.9569483451930587
1201,3.9569483451930587
1202,3.9569483451930587
1203,3.9569483451930587
1204,3.9569483451930587
1205,3.9569483451930587
1206,3.9569483451930587
1207,3.9569483451930587
1208,3.9569483451930587
1209,3.9569483451930587
1210,3.9569483451930587
1211,3.9569483451930587
1212,3.9569483451930587
1213,3.9569483451930587
1214,3.9569483451930587
1215,3.9569483451930587
1216,3.9569483451930587
1217,3.9569483451930587
1218,3.9569483451930587
1219,3.9569483451930587
1220,3.9569483451930587
1221,3.9569483451930587
1222,3.9569483451930587
1223,3.9569483451930587
1224,3.9569483451930587
1225,3.9569483451930587
1226,3.9569483451930587
1227,3.9569483451930587
1228,3.9569483451930587
1229,3.9569483451930587
1230,3.9569483451930587
1231,3.9569483451930587
1232,3.9569483451930587
1233,3.9569483451930587
1234,3.9569483451930587
1235,3.9569483451930587
1236,3.9569483451930587
1237,3.9569483451930587
1238,3.9569483451930587
1239,3.9569483451930587
1240,3.9569483451930587
1241,3.9569483451930587
1242,3.9569483451930587
1243,3.9569483451930587
1244,3.9569483451930587
1245,3.9569483451930587
1246,3.9569483451930587
1247,3.9569483451930587
1248,3.9569483451930587
1249,3.9569483451930587
1250,3.9569483451930587
1251,3.9569483451930587
1252,3.9569483451930587
1253,3.9569483451930587
1254,3.9569483451930587
1255,3.9569483451930587
1256,3.9569483451930587
1257,3.9569483451930587
1258,3.9569483451930587
1259,3.9569483451930587
1260,3.9569483451930587
1261,3.9569483451930587
1262,3.9569483451930587
1263,3.9569483451930587
1264,3.9569483451930587
1265,3.9569483451930587
1266,3.9569483451930587
1267,3.9569483451930587
1268,3.9569483451930587
1269,3.9569483451930587
1270,3.9569483451930587
1271,3.9569483451930587
1272,3.9569483451930587
1273,3.9569483451930587
1274,3.9569483451930587
1275,3.9569483451930587
1276,3.9569483451930587
1277,3.9569483451930587
1278,3.9569483451930587
1279,3.9569483451930587
1280,3.9569483451930587
1281,3.9569483451930587
1282,3.9569483451930587
1283,3.9569483451930587
1284,3.9569483451930587
1285,3.9569483451930587
1286,3.9569483451930587
1287,3.9569483451930587
1288,3.9569483451930587
1289,3.9569483451930587
1290,3.9569483451930587
1291,3.9569483451930587
1292,3.9569483451930587
1293,3.9569483451930587
1294,3.9569483451930587
1295,3.9569483451930587
1296,3.9569483451930587
1297,3.9569483451930587
1298,3.9569483451930587
1299,3.9569483451930587
1300,3.9569483451930587
1301,3.9569483451930587
1302,3.9569483451930587
1303,3.9569483451930587
1304,3.9569483451930587
1305,3.9569483451930587
1306,3.9569483451930587
1307,3.9569483451930587
1308,3.9569483451930587
1309,3.9569483451930587
1310,3.9569483451930587
1311,3.9569483451930587
1312,3.9569483451930587
1313,3.9569483451930587
1314,3.9569483451930587
1315,3.9569483451930587
1316,3.9569483451930587
1317,3.9569483451930587
1318,3.9569483451930587
1319,3.9569483451930587
1320,3.9569483451930587
1321,3.9569483451930587
1322,3.9569483451930587
1323,3.9569483451930587
1324,3.9569483451930587
1325,3.9569483451930587
1326,3.9569483451930587
1327,3.9569483451930587
1328,3.9569483451930587
1329,3.9569483451930587
1330,3.9569483451930587
1331,3.9569483451930587
1332,3.9569483451930587
1333,3.9569483451930587
1334,3.9569483451930587
1335,3.9569483451930587
1336,3.9569483451930587
1337,3.9569483451930587
1338,3.9569483451930587
1339,3.9569483451930587
1340,3.9569483451930587
1341,3.9569483451930587
1342,3.9569483451930587
1343,3.9569483451930587
1344,3.9569483451930587
1345,3.9569483451930587
1346,3.9569483451930587
1347,3.9569483451930587
1348,3.9569483451930587
1349,3.9569483451930587
1350,3.9569483451930587
1351,3.9569483451930587
1352,3.9569483451930587
1353,3.9569483451930587
1354,3.9569483451930587
1355,3.9569483451930587
1356,3.9569483451930587
1357,3.9569483451930587
1358,3.9569483451930587
1359,3.9569483451930587
1360,3.9569483451930587
1361,3.9569483451930587
1362,3.9569483451930587
1363,3.9569483451930587
1364,3.9569483451930587
1365,3.9569483451930587
1366,3.9569483451930587
1367,3.9569483451930587
1368,3.9569483451930587
1369,3.9569483451930587
1370,3.9569483451930587
1371,3.9569483451930587
1372,3.9569483451930587
1373,3.9569483451930587
1374,3.9569483451930587
1375,3.9569483451930587
1376,3.9569483451930587
1377,3.9569483451930587
1378,3.9569483451930587
1379,3.9569483451930587
1380,3.9569483451930587
1381,3.9569483451930587
1382,3.9569483451930587
1383,3.9569483451930587
1384,3.9569483451930587
1385,3.9569483451930587
1386,3.9569483451930587
1387,3.9569483451930587
1388,3.9569483451930587
1389,3.9569483451930587
1390,3.9569483451930587
1391,3.9569483451930587
1392,3.9569483451930587
1393,3.9569483451930587
1394,3.9569483451930587
1395,3.9569483451930587
1396,3.9569483451930587
1397,3.9569483451930587
1398,3.9569483451930587
1399,3.9569483451930587
1400,3.9569483451930587
1401,3.9569483451930587
1402,3.9569483451930587
1403,3.9569483451930587
1404,3.9569483451930587
1405,3.9569483451930587
1406,3.9569483451930587
1407,3.9569483451930587
1408,3.9569483451930587
1409,3.9569483451930587
1410,3.9569483451930587
1411,3.9569483451930587
1412,3.9569483451930587
1413,3.9569483451930587
1414,3.9569483451930587
1415,3.9569483451930587
1416,3.9569483451930587
1417,3.9569483451930587
1418,3.9569483451930587
1419,3.9569483451930587
1420,3.9569483451930587
1421,3.9569483451930587
1422,3.9569483451930587
1423,3.9569483451930587
1424,3.9569483451930587
1425,3.9569483451930587
1426,3.9569483451930587
1427,3.9569483451930587
1428,3.9569483451930587
1429,3.9569483451930587
1430,3.9569483451930587
1431,3.9569483451930587
1432,3.9569483451930587
1433,3.9569483451930587
1434,3.9569483451930587
1435,3.9569483451930587
1436,3.9569483451930587
1437,3.9569483451930587
1438,3.9569483451930587
1439,3.9569483451930587
1440,3.9569483451930587
1441,3.9569483451930587
1442,3.9569483451930587
1443,3.9569483451930587
1444,3.9569483451930587
1445,3.9569483451930587
1446,3.9569483451930587
1447,3.9569483451930587
1448,3.9569483451930587
1449,3.9569483451930587
1450,3.9569483451930587
1451,3.9569483451930587
1452,3.9569483451930587
1453,3.9569483451930587
1454,3.9569483451930587
1455,3.9569483451930587
1456,3.9569483451930587
1457,3.9569483451930587
1458,3.9569483451930587
1459,3.9569483451930587
1460,3.9569483451930587
1461,3.9569483451930587
1462,3.9569483451930587
1463,3.9569483451930587
1464,3.9569483451930587
1465,3.9569483451930587
1466,3.9569483451930587
1467,3.9569483451930587
1468,3.9569483451930587
1469,3.9569483451930587
1470,3.9569483451930587
1471,3.9569483451930587
1472,3.9569483451930587
1473,3.9569483451930587
1474,3.9569483451930587
1475,3.9569483451930587
1476,3.9569483451930587
1477,3.9569483451930587
1478,3.9569483451930587
1479,3.9569483451930587
1480,3.9569483451930587
1481,3.9569483451930587
1482,3.9569483451930587
1483,3.9569483451930587
1484,3.9569483451930587
1485,3.9569483451930587
1486,3.9569483451930587
1487,3.9569483451930587
1488,3.9569483451930587
1489,3.9569483451930587
1490,3.9569483451930587
1491,3.9569483451930587
1492,3.9569483451930587
1493,3.9569483451930587
1494,3.9569483451930587
1495,3.9569483451930587
1496,3.9569483451930587
1497,3.9569483451930587
1498,3.9569483451930587
1499,3.9569483451930587
1500,3.9569483451930587
1501,3.9569483451930587
1502,3.9569483451930587
1503,3.9569483451930587
1504,3.9569483451930587
1505,3.9569483451930587
1506,3.9569483451930587
1507,3.9569483451930587
1508,3.9569483451930587
1509,3.9569483451930587
1510,3.9569483451930587
1511,3.9569483451930587
1512,3.9569483451930587
1513,3.9569483451930587
1514,3.9569483451930587
1515,3.9569483451930587
1516,3.9569483451930587
1517,3.9569483451930587
1518,3.9569483451930587
1519,3.9569483451930587
1520,3.9569483451930587
1521,3.9569483451930587
1522,3.9569483451930587
1523,3.9569483451930587
1524,3.9569483451930587
1525,3.9569483451930587
1526,3.9569483451930587
1527,3.9569483451930587
1528,3.9569483451930587
1529,3.9569483451930587
1530,3.9569483451930587
1531,3.9569483451930587
1532,3.9569483451930587
1533,3.9569483451930587
1534,3.9569483451930587
1535,3.9569483451930587
1536,3.9569483451930587
1537,3.9569483451930587
1538,3.9569483451930587
1539,3.9569483451930587
1540,3.9569483451930587
1541,3.9569483451930587
1542,3.9569483451930587
1543,3.9569483451930587
1544,3.9569483451930587
1545,3.9569483451930587
1546,3.9569483451930587
1547,3.9569483451930587
1548,3.9569483451930587
1549,3.9569483451930587
1550,3.9569483451930587
1551,3.9569483451930587
1552,3.9569483451930587
1553,3.9569483451930587
1554,3.9569483451930587
1555,3.9569483451930587
1556,3.9569483451930587
1557,3.9569483451930587
1558,3.9569483451930587
1559,3.9569483451930587
1560,3.9569483451930587
1561,3.9569483451930587
1562,3.9569483451930587
1563,3.9569483451930587
1564,3.9569483451930587
1565,3.9569483451930587
1566,3.9569483451930587
1567,3.9569483451930587
1568,3.9569483451930587
1569,3.9569483451930587
1570,3.9569483451930587
1571,3.9569483451930587
1572,3.9569483451930587
1573,3.9569483451930587
1574,3.9569483451930587
1575,3.9569483451930587
1576,3.9569483451930587
1577,3.9569483451930587
1578,3.9569483451930587
1579,3.9569483451930587
1580,3.9569483451930587
1581,3.9569483451930587
1582,3.9569483451930587
1583,3.9569483451930587
1584,3.9569483451930587
1585,3.9569483451930587
1586,3.9569483451930587
1587,3.9569483451930587
1588,3.9569483451930587
1589,3.9569483451930587
1590,3.9569483451930587
1591,3.9569483451930587
1592,3.9569483451930587
1593,3.9569483451930587
1594,3.9569483451930587
1595,3.9569483451930587
1596,3.9569483451930587
1597,3.9569483451930587
1598,3.9569483451930587
1599,3.9569483451930587
1600,3.9569483451930587
1601,3.9569483451930587
1602,3.9569483451930587
1603,3.9569483451930587
1604,3.9569483451930587
1605,3.9569483451930587
1606,3.9569483451930587
1607,3.9569483451930587
1608,3.9569483451930587
1609,3.9569483451930587
1610,3.9569483451930587
1611,3.9569483451930587
1612,3.9569483451930587
1613,3.9569483451930587
1614,3.9569483451930587
1615,3.9569483451930587
1616,3.9569483451930587
1617,3.9569483451930587
1618,3.9569483451930587
1619,3.9569483451930587
1620,3.9569483451930587
1621,3.9569483451930587
1622,3.9569483451930587
1623,3.9569483451930587
1624,3.9569483451930587
1625,3.9569483451930587
1626,3.9569483451930587
1627,3.9569483451930587
1628,3.9569483451930587
1629,3.9569483451930587
1630,3.9569483451930587
1631,3.9569483451930587
1632,3.9569483451930587
1633,3.9569483451930587
1634,3.9569483451930587
1635,3.9569483451930587
1636,3.9569483451930587
1637,3.9569483451930587
1638,3.9569483451930587
1639,3.9569483451930587
1640,3.9569483451930587
1641,3.9569483451930587
1642,3.9569483451930587
1643,3.9569483451930587
1644,3.9569483451930587
1645,3.9569483451930587
1646,3.9569483451930587
1647,3.9569483451930587
1648,3.9569483451930587
1649,3.9569483451930587
1650,3.9569483451930587
1651,3.9569483451930587
1652,3.9569483451930587
1653,3.9569483451930587
1654,3.9569483451930587
1655,3.9569483451930587
1656,3.9569483451930587
1657,3.9569483451930587
1658,3.9569483451930587
1659,3.9569483451930587
1660,3.9569483451930587
1661,3.9569483451930587
1662,3.9569483451930587
1663,3.9569483451930587
1664,3.9569483451930587
1665,3.9569483451930587
1666,3.9569483451930587
1667,3.9569483451930587
1668,3.9569483451930587
1669,3.9569483451930587
1670,3.9569483451930587
1671,3.9569483451930587
1672,3.9569483451930587
1673,3.9569483451930587
1674,3.9569483451930587
1675,3.9569483451930587
1676,3.9569483451930587
1677,3.9569483451930587
1678,3.9569483451930587
1679,3.9569483451930587
1680,3.9569483451930587
1681,3.9569483451930587
1682,3.9569483451930587
1683,3.9569483451930587
1684,3.9569483451930587
1685,3.9569483451930587
1686,3.9569483451930587
1687,3.9569483451930587
1688,3.9569483451930587
1689,3.9569483451930587
1690,3.9569483451930587
1691,3.9569483451930587
1692,3.9569483451930587
1693,3.9569483451930587
1694,3.9569483451930587
1695,3.9569483451930587
1696,3.9569483451930587
1697,3.9569483451930587
1698,3.9569483451930587
1699,3.9569483451930587
1700,3.9569483451930587
1701,3.9569483451930587
1702,3.9569483451930587
1703,3.9569483451930587
1704,3.9569483451930587
1705,3.9569483451930587
1706,3.9569483451930587
1707,3.9569483451930587
1708,3.9569483451930587
1709,3.9569483451930587
1710,3.9569483451930587
1711,3.9569483451930587
1712,3.9569483451930587
1713,3.9569483451930587
1714,3.9569483451930587
1715,3.9569483451930587
1716,3.9569483451930587
1717,3.9569483451930587
1718,3.9569483451930587
1719,3.9569483451930587
1720,3.9569483451930587
1721,3.9569483451930587
1722,3.9569483451930587
1723,3.9569483451930587
1724,3.9569483451930587
1725,3.9569483451930587
1726,3.9569483451930587
1727,3.9569483451930587
1728,3.9569483451930587
1729,3.9569483451930587
1730,3.9569483451930587
1731,3.9569483451930587
1732,3.9569483451930587
1733,3.9569483451930587
1734,3.9569483451930587
1735,3.9569483451930587
1736,3.9569483451930587
1737,3.9569483451930587
1738,3.9569483451930587
1739,3.9569483451930587
1740,3.9569483451930587
1741,3.9569483451930587
1742,3.9569483451930587
1743,3.9569483451930587
1744,3.9569483451930587
1745,3.9569483451930587
1746,3.9569483451930587
1747,3.9569483451930587
1748,3.9569483451930587
1749,3.9569483451930587
1750,3.9569483451930587
1751,3.9569483451930587
1752,3.9569483451930587
1753,3.9569483451930587
1754,3.9569483451930587
1755,3.9569483451930587
1756,3.9569483451930587
1757,3.9569483451930587
1758,3.9569483451930587
1759,3.9569483451930587
1760,3.9569483451930587
1761,3.9569483451930587
1762,3.9569483451930587
1763,3.9569483451930587
1764,3.9569483451930587
1765,3.9569483451930587
1766,3.9569483451930587
1767,3.9569483451930587
1768,3.9569483451930587
1769,3.9569483451930587
1770,3.9569483451930587
1771,3.9569483451930587
1772,3.9569483451930587
1773,3.9569483451930587
1774,3.9569483451930587
1775,3.9569483451930587
1776,3.9569483451930587
1777,3.9569483451930587
1778,3.9569483451930587
1779,3.9569483451930587
1780,3.9569483451930587
1781,3.9569483451930587
1782,3.9569483451930587
1783,3.9569483451930587
1784,3.9569483451930587
1785,3.9569483451930587
1786,3.9569483451930587
1787,3.9569483451930587
1788,3.9569483451930587
1789,3.9569483451930587
1790,3.9569483451930587
1791,3.9569483451930587
1792,3.9569483451930587
1793,3.9569483451930587
1794,3.9569483451930587
1795,3.9569483451930587
1796,3.9569483451930587
1797,3.9569483451930587
1798,3.9569483451930587
1799,3.9569483451930587
1800,3.9569483451930587
1801,3.9569483451930587
1802,3.9569483451930587
1803,3.9569483451930587
1804,3.9569483451930587
1805,3.9569483451930587
1806,3.9569483451930587
1807,3.9569483451930587
1808,3.9569483451930587
1809,3.9569483451930587
1810,3.9569483451930587
1811,3.9569483451930587
1812,3.9569483451930587
1813,3.9569483451930587
1814,3.9569483451930587
1815,3.9569483451930587
1816,3.9569483451930587
1817,3.9569483451930587
1818,3.9569483451930587
1819,3.9569483451930587
1820,3.9569483451930587
1821,3.9569483451930587
1822,3.9569483451930587
1823,3.9569483451930587
1824,3.9569483451930587
1825,3.9569483451930587
1826,3.9569483451930587
1827,3.9569483451930587
1828,3.9569483451930587
1829,3.9569483451930587
1830,3.9569483451930587
1831,3.9569483451930587
1832,3.9569483451930587
1833,3.9569483451930587
1834,3.9569483451930587
1835,3.9569483451930587
1836,3.9569483451930587
1837,3.9569483451930587
1838,3.9569483451930587
1839,3.9569483451930587
1840,3.9569483451930587
1841,3.9569483451930587
1842,3.9569483451930587
1843,3.9569483451930587
1844,3.9569483451930587
1845,3.9569483451930587
1846,3.9569483451930587
1847,3.9569483451930587
1848,3.9569483451930587
1849,3.9569483451930587
1850,3.9569483451930587
1851,3.9569483451930587
1852,3.9569483451930587
1853,3.9569483451930587
1854,3.9569483451930587
1855,3.9569483451930587
1856,3.9569483451930587
1857,3.9569483451930587
1858,3.9569483451930587
1859,3.9569483451930587
1860,3.9569483451930587
1861,3.9569483451930587
1862,3.9569483451930587
1863,3.9569483451930587
1864,3.9569483451930587
1865,3.9569483451930587
1866,3.9569483451930587
1867,3.9569483451930587
1868,3.9569483451930587
1869,3.9569483451930587
1870,3.9569483451930587
1871,3.9569483451930587
1872,3.9569483451930587
1873,3.9569483451930587
1874,3.9569483451930587
1875,3.9569483451930587
1876,3.9569483451930587
1877,3.9569483451930587
1878,3.9569483451930587
1879,3.9569483451930587
1880,3.9569483451930587
1881,3.9569483451930587
1882,3.9569483451930587
1883,3.9569483451930587
1884,3.9569483451930587
1885,3.9569483451930587
1886,3.9569483451930587
1887,3.9569483451930587
1888,3.9569483451930587
1889,3.9569483451930587
1890,3.9569483451930587
1891,3.9569483451930587
1892,3.9569483451930587
1893,3.9569483451930587
1894,3.9569483451930587
1895,3.9569483451930587
1896,3.9569483451930587
1897,3.9569483451930587
1898,3.9569483451930587
1899,3.9569483451930587
1900,3.9569483451930587
1901,3.9569483451930587
1902,3.9569483451930587
1903,3.9569483451930587
1904,3.9569483451930587
1905,3.9569483451930587
1906,3.9569483451930587
1907,3.9569483451930587
1908,3.9569483451930587
1909,3.9569483451930587
1910,3.9569483451930587
1911,3.9569483451930587
1912,3.9569483451930587
1913,3.9569483451930587
1914,3.9569483451930587
1915,3.9569483451930587
1916,3.9569483451930587
1917,3.9569483451930587
1918,3.9569483451930587
1919,3.9569483451930587
1920,3.9569483451930587
1921,3.9569483451930587
1922,3.9569483451930587
1923,3.9569483451930587
1924,3.9569483451930587
1925,3.9569483451930587
1926,3.9569483451930587
1927,3.9569483451930587
1928,3.9569483451930587
1929,3.9569483451930587
1930,3.9569483451930587
1931,3.9569483451930587
1932,3.9569483451930587
1933,3.9569483451930587
1934,3.9569483451930587
1935,3.9569483451930587
1936,3.9569483451930587
1937,3.9569483451930587
1938,3.9569483451930587
1939,3.9569483451930587
1940,3.9569483451930587
1941,3.9569483451930587
1942,3.9569483451930587
1943,3.9569483451930587
1944,3.9569483451930587
1945,3.9569483451930587
1946,3.9569483451930587
1947,3.9569483451930587
1948,3.9569483451930587
1949,3.9569483451930587
1950,3.9569483451930587
1951,3.9569483451930587
1952,3.9569483451930587
1953,3.9569483451930587
1954,3.9569483451930587
1955,3.9569483451930587
1956,3.9569483451930587
1957,3.9569483451930587
1958,3.9569483451930587
1959,3.9569483451930587
1960,3.9569483451930587
1961,3.9569483451930587
1962,3.9569483451930587
1963,3.9569483451930587
1964,3.9569483451930587
1965,3.9569483451930587
1966,3.9569483451930587
1967,3.9569483451930587
1968,3.9569483451930587
1969,3.9569483451930587
1970,3.9569483451930587
1971,3.9569483451930587
1972,3.9569483451930587
1973,3.9569483451930587
1974,3.9569483451930587
1975,3.9569483451930587
1976,3.9569483451930587
1977,3.9569483451930587
1978,3.9569483451930587
1979,3.9569483451930587
1980,3.9569483451930587
1981,3.9569483451930587
1982,3.9569483451930587
1983,3.9569483451930587
1984,3.9569483451930587
1985,3.9569483451930587
1986,3.9569483451930587
1987,3.9569483451930587
1988,3.9569483451930587
1989,3.9569483451930587
1990,3.9569483451930587
1991,3.9569483451930587
1992,3.9569483451930587
1993,3.9569483451930587
1994,3.9569483451930587
1995,3.9569483451930587
1996,3.9569483451930587
1997,3.9569483451930587
1998,3.9569483451930587
1999,3.9569483451930587
2000,3.9569483451930587
2001,3.9569483451930587
2002,3.9569483451930587
2003,3.9569483451930587
2004,3.9569483451930587
2005,3.9569483451930587
2006,3.9569483451930587
2007,3.9569483451930587
2008,3.9569483451930587
2009,3.9569483451930587
2010,3.9569483451930587
2011,3.9569483451930587
2012,3.9569483451930587
2013,3.9569483451930587
2014,3.9569483451930587
2015,3.9569483451930587
2016,3.9569483451930587
2017,3.9569483451930587
2018,3.9569483451930587
2019,3.9569483451930587
2020,3.9569483451930587
2021,3.9569483451930587
2022,3.9569483451930587
2023,3.9569483451930587
2024,3.9569483451930587
2025,3.9569483451930587
2026,3.9569483451930587
2027,3.9569483451930587
2028,3.9569483451930587
2029,3.9569483451930587
2030,3.9569483451930587
2031,3.9569483451930587
2032,3.9569483451930587
2033,3.9569483451930587
2034,3.9569483451930587
2035,3.9569483451930587
2036,3.9569483451930587
2037,3.9569483451930587
2038,3.9569483451930587
2039,3.9569483451930587
2040,3.9569483451930587
2041,3.9569483451930587
2042,3.9569483451930587
2043,3.9569483451930587
2044,3.9569483451930587
2045,3.9569483451930587
2046,3.9569483451930587
2047,3.9569483451930587
2048,3.9569483451930587
2049,3.9569483451930587
2050,3.9569483451930587
2051,3.9569483451930587
2052,3.9569483451930587
2053,3.9569483451930587
2054,3.9569483451930587
2055,3.9569483451930587
2056,3.9569483451930587
2057,3.9569483451930587
2058,3.9569483451930587
2059,3.9569483451930587
2060,3.9569483451930587
2061,3.9569483451930587
2062,3.9569483451930587
2063,3.9569483451930587
2064,3.9569483451930587
2065,3.9569483451930587
2066,3.9569483451930587
2067,3.9569483451930587
2068,3.9569483451930587
2069,3.9569483451930587
2070,3.9569483451930587
2071,3.9569483451930587
2072,3.9569483451930587
2073,3.9569483451930587
2074,3.9569483451930587
2075,3.9569483451930587
2076,3.9569483451930587
2077,3.9569483451930587
2078,3.9569483451930587
2079,3.9569483451930587
2080,3.9569483451930587
2081,3.9569483451930587
2082,3.9569483451930587
2083,3.9569483451930587
2084,3.9569483451930587
2085,3.9569483451930587
2086,3.9569483451930587
2087,3.9569483451930587
2088,3.9569483451930587
2089,3.9569483451930587
2090,3.9569483451930587
2091,3.9569483451930587
2092,3.9569483451930587
2093,3.9569483451930587
2094,3.9569483451930587
2095,3.9569483451930587
2096,3.9569483451930587
2097,3.9569483451930587
2098,3.9569483451930587
2099,3.9569483451930587
2100,3.9569483451930587
2101,3.9569483451930587
2102,3.9569483451930587
2103,3.9569483451930587
2104,3.9569483451930587
2105,3.9569483451930587
2106,3.9569483451930587
2107,3.9569483451930587
2108,3.9569483451930587
2109,3.9569483451930587
2110,3.9569483451930587
2111,3.9569483451930587
2112,3.9569483451930587
2113,3.9569483451930587
2114,3.9569483451930587
2115,3.9569483451930587
2116,3.9569483451930587
2117,3.9569483451930587
2118,3.9569483451930587
2119,3.9569483451930587
2120,3.9569483451930587
2121,3.9569483451930587
2122,3.9569483451930587
2123,3.9569483451930587
2124,3.9569483451930587
2125,3.9569483451930587
2126,3.9569483451930587
2127,3.9569483451930587
2128,3.9569483451930587
2129,3.9569483451930587
2130,3.9569483451930587
2131,3.9569483451930587
2132,3.9569483451930587
2133,3.9569483451930587
2134,3.9569483451930587
2135,3.9569483451930587
2136,3.9569483451930587
2137,3.9569483451930587
2138,3.9569483451930587
2139,3.9569483451930587
2140,3.9569483451930587
2141,3.9569483451930587
2142,3.9569483451930587
2143,3.9569483451930587
2144,3.9569483451930587
2145,3.9569483451930587
2146,3.9569483451930587
2147,3.9569483451930587
2148,3.9569483451930587
2149,3.9569483451930587
2150,3.9569483451930587
2151,3.9569483451930587
2152,3.9569483451930587
2153,3.9569483451930587
2154,3.9569483451930587
2155,3.9569483451930587
2156,3.9569483451930587
2157,3.9569483451930587
2158,3.9569483451930587
2159,3.9569483451930587
2160,3.9569483451930587
2161,3.9569483451930587
2162,3.9569483451930587
2163,3.9569483451930587
2164,3.9569483451930587
2165,3.9569483451930587
2166,3.9569483451930587
2167,3.9569483451930587
2168,3.9569483451930587
2169,3.9569483451930587
2170,3.9569483451930587
2171,3.9569483451930587
2172,3.9569483451930587
2173,3.9569483451930587
2174,3.9569483451930587
2175,3.9569483451930587
2176,3.9569483451930587
2177,3.9569483451930587
2178,3.9569483451930587
2179,3.9569483451930587
2180,3.9569483451930587
2181,3.9569483451930587
2182,3.9569483451930587
2183,3.9569483451930587
2184,3.9569483451930587
2185,3.9569483451930587
2186,3.9569483451930587
2187,3.9569483451930587
2188,3.9569483451930587
2189,3.9569483451930587
2190,3.9569483451930587
2191,3.9569483451930587
2192,3.9569483451930587
2193,3.9569483451930587
2194,3.9569483451930587
2195,3.9569483451930587
2196,3.9569483451930587
2197,3.9569483451930587
2198,3.9569483451930587
2199,3.9569483451930587
2200,3.9569483451930587
2201,3.9569483451930587
2202,3.9569483451930587
2203,3.9569483451930587
2204,3.9569483451930587
2205,3.9569483451930587
2206,3.9569483451930587
2207,3.9569483451930587
2208,3.9569483451930587
2209,3.9569483451930587
2210,3.9569483451930587
2211,3.9569483451930587
2212,3.9569483451930587
2213,3.9569483451930587
2214,3.9569483451930587
2215,3.9569483451930587
2216,3.9569483451930587
2217,3.9569483451930587
2218,3.9569483451930587
2219,3.9569483451930587
2220,3.9569483451930587
2221,3.9569483451930587
2222,3.9569483451930587
2223,3.9569483451930587
2224,3.9569483451930587
2225,3.9569483451930587
2226,3.9569483451930587
2227,3.9569483451930587
2228,3.9569483451930587
2229,3.9569483451930587
2230,3.9569483451930587
2231,3.9569483451930587
2232,3.9569483451930587
2233,3.9569483451930587
2234,3.9569483451930587
2235,3.9569483451930587
2236,3.9569483451930587
2237,3.9569483451930587
2238,3.9569483451930587
2239,3.9569483451930587
2240,3.9569483451930587
2241,3.9569483451930587
2242,3.9569483451930587
2243,3.9569483451930587
2244,3.9569483451930587
2245,3.9569483451930587
2246,3.9569483451930587
2247,3.9569483451930587
2248,3.9569483451930587
2249,3.9569483451930587
2250,3.9569483451930587
2251,3.9569483451930587
2252,3.9569483451930587
2253,3.9569483451930587
2254,3.9569483451930587
2255,3.9569483451930587
2256,3.9569483451930587
2257,3.9569483451930587
2258,3.9569483451930587
2259,3.9569483451930587
2260,3.9569483451930587
2261,3.9569483451930587
2262,3.9569483451930587
2263,3.9569483451930587
2264,3.9569483451930587
2265,3.9569483451930587
2266,3.9569483451930587
2267,3.9569483451930587
2268,3.9569483451930587
2269,3.9569483451930587
2270,3.9569483451930587
2271,3.9569483451930587
2272,3.9569483451930587
2273,3.9569483451930587
2274,3.9569483451930587
2275,3.9569483451930587
2276,3.9569483451930587
2277,3.9569483451930587
2278,3.9569483451930587
2279,3.9569483451930587
2280,3.9569483451930587
2281,3.9569483451930587
2282,3.9569483451930587
2283,3.9569483451930587
2284,3.9569483451930587
2285,3.9569483451930587
2286,3.9569483451930587
2287,3.9569483451930587
2288,3.9569483451930587
2289,3.9569483451930587
2290,3.9569483451930587
2291,3.9569483451930587
2292,3.9569483451930587
2293,3.9569483451930587
2294,3.9569483451930587
2295,3.9569483451930587
2296,3.9569483451930587
2297,3.9569483451930587
2298,3.9569483451930587
2299,3.9569483451930587
2300,3.9569483451930587
2301,3.9569483451930587
2302,3.9569483451930587
2303,3.9569483451930587
2304,3.9569483451930587
2305,3.9569483451930587
2306,3.9569483451930587
2307,3.9569483451930587
2308,3.9569483451930587
2309,3.9569483451930587
2310,3.9569483451930587
2311,3.9569483451930587
2312,3.9569483451930587
2313,3.9569483451930587
2314,3.9569483451930587
2315,3.9569483451930587
2316,3.9569483451930587
2317,3.9569483451930587
2318,3.9569483451930587
2319,3.9569483451930587
2320,3.9569483451930587
2321,3.9569483451930587
2322,3.9569483451930587
2323,3.9569483451930587
2324,3.9569483451930587
2325,3.9569483451930587
2326,3.9569483451930587
2327,3.9569483451930587
2328,3.9569483451930587
2329,3.9569483451930587
2330,3.9569483451930587
2331,3.9569483451930587
2332,3.9569483451930587
2333,3.9569483451930587
2334,3.9569483451930587
2335,3.9569483451930587
2336,3.9569483451930587
2337,3.9569483451930587
2338,3.9569483451930587
2339,3.9569483451930587
2340,3.9569483451930587
2341,3.9569483451930587
2342,3.9569483451930587
2343,3.9569483451930587
2344,3.9569483451930587
2345,3.9569483451930587
2346,3.9569483451930587
2347,3.9569483451930587
2348,3.9569483451930587
2349,3.9569483451930587
2350,3.9569483451930587
2351,3.9569483451930587
2352,3.9569483451930587
2353,3.9569483451930587
2354,3.9569483451930587
2355,3.9569483451930587
2356,3.9569483451930587
2357,3.9569483451930587
2358,3.9569483451930587
2359,3.9569483451930587
2360,3.9569483451930587
2361,3.9569483451930587
2362,3.9569483451930587
2363,3.9569483451930587
2364,3.9569483451930587
2365,3.9569483451930587
2366,3.9569483451930587
2367,3.9569483451930587
2368,3.9569483451930587
2369,3.9569483451930587
2370,3.9569483451930587
2371,3.9569483451930587
2372,3.9569483451930587
2373,3.9569483451930587
2374,3.9569483451930587
2375,3.9569483451930587
2376,3.9569483451930587
2377,3.9569483451930587
2378,3.9569483451930587
2379,3.9569483451930587
2380,3.9569483451930587
2381,3.9569483451930587
2382,3.9569483451930587
2383,3.9569483451930587
2384,3.9569483451930587
2385,3.9569483451930587
2386,3.9569483451930587
2387,3.9569483451930587
2388,3.9569483451930587
2389,3.9569483451930587
2390,3.9569483451930587
2391,3.9569483451930587
2392,3.9569483451930587
2393,3.9569483451930587
2394,3.9569483451930587
2395,3.9569483451930587
2396,3.9569483451930587
2397,3.9569483451930587
2398,3.9569483451930587
2399,3.9569483451930587
2400,3.9569483451930587
2401,3.9569483451930587
2402,3.9569483451930587
2403,3.9569483451930587
2404,3.9569483451930587
2405,3.9569483451930587
2406,3.9569483451930587
2407,3.9569483451930587
2408,3.9569483451930587
2409,3.9569483451930587
2410,3.9569483451930587
2411,3.9569483451930587
2412,3.9569483451930587
2413,3.9569483451930587
2414,3.9569483451930587
2415,3.9569483451930587
2416,3.9569483451930587
2417,3.9569483451930587
2418,3.9569483451930587
2419,3.9569483451930587
2420,3.9569483451930587
2421,3.9569483451930587
2422,3.9569483451930587
2423,3.9569483451930587
2424,3.9569483451930587
2425,3.9569483451930587
2426,3.9569483451930587
2427,3.9569483451930587
2428,3.9569483451930587
2429,3.9569483451930587
2430,3.9569483451930587
2431,3.9569483451930587
2432,3.9569483451930587
2433,3.9569483451930587
2434,3.9569483451930587
2435,3.9569483451930587
2436,3.9569483451930587
2437,3.9569483451930587
2438,3.9569483451930587
2439,3.9569483451930587
2440,3.9569483451930587
2441,3.9569483451930587
2442,3.9569483451930587
2443,3.9569483451930587
2444,3.9569483451930587
2445,3.9569483451930587
2446,3.9569483451930587
2447,3.9569483451930587
2448,3.9569483451930587
2449,3.9569483451930587
2450,3.9569483451930587
2451,3.9569483451930587
2452,3.9569483451930587
2453,3.9569483451930587
2454,3.9569483451930587
2455,3.9569483451930587
2456,3.9569483451930587
2457,3.9569483451930587
2458,3.9569483451930587
2459,3.9569483451930587
2460,3.9569483451930587
2461,3.9569483451930587
2462,3.9569483451930587
2463,3.9569483451930587
2464,3.9569483451930587
2465,3.9569483451930587
2466,3.9569483451930587
2467,3.9569483451930587
2468,3.9569483451930587
2469,3.9569483451930587
2470,3.9569483451930587
2471,3.9569483451930587
2472,3.9569483451930587
2473,3.9569483451930587
2474,3.9569483451930587
2475,3.9569483451930587
2476,3.9569483451930587
2477,3.9569483451930587
2478,3.9569483451930587
2479,3.9569483451930587
2480,3.9569483451930587
2481,3.9569483451930587
2482,3.9569483451930587
2483,3.9569483451930587
2484,3.9569483451930587
2485,3.9569483451930587
2486,3.9569483451930587
2487,3.9569483451930587
2488,3.9569483451930587
2489,3.9569483451930587
2490,3.9569483451930587
2491,3.9569483451930587
2492,3.9569483451930587
2493,3.9569483451930587
2494,3.9569483451930587
2495,3.9569483451930587
2496,3.9569483451930587
2497,3.9569483451930587
2498,3.9569483451930587
2499,3.9569483451930587
2500,3.9569483451930587
2501,3.9569483451930587
2502,3.9569483451930587
2503,3.9569483451930587
2504,3.9569483451930587
2505,3.9569483451930587
2506,3.9569483451930587
2507,3.9569483451930587
2508,3.9569483451930587
2509,3.9569483451930587
2510,3.9569483451930587
2511,3.9569483451930587
2512,3.9569483451930587
2513,3.9569483451930587
2514,3.9569483451930587
2515,3.9569483451930587
2516,3.9569483451930587
2517,3.9569483451930587
2518,3.9569483451930587
2519,3.9569483451930587
2520,3.9569483451930587
2521,3.9569483451930587
2522,3.9569483451930587
2523,3.9569483451930587
2524,3.9569483451930587
2525,3.9569483451930587
2526,3.9569483451930587
2527,3.9569483451930587
2528,3.9569483451930587
2529,3.9569483451930587
2530,3.9569483451930587
2531,3.9569483451930587
2532,3.9569483451930587
2533,3.9569483451930587
2534,3.9569483451930587
2535,3.9569483451930587
2536,3.9569483451930587
2537,3.9569483451930587
2538,3.9569483451930587
2539,3.9569483451930587
2540,3.9569483451930587
2541,3.9569483451930587
2542,3.9569483451930587
2543,3.9569483451930587
2544,3.9569483451930587
2545,3.9569483451930587
2546,3.9569483451930587
2547,3.9569483451930587
2548,3.9569483451930587
2549,3.9569483451930587
2550,3.9569483451930587
2551,3.9569483451930587
2552,3.9569483451930587
2553,3.9569483451930587
2554,3.9569483451930587
2555,3.9569483451930587
2556,3.9569483451930587
2557,3.9569483451930587
2558,3.9569483451930587
2559,3.9569483451930587
2560,3.9569483451930587
2561,3.9569483451930587
2562,3.9569483451930587
2563,3.9569483451930587
2564,3.9569483451930587
2565,3.9569483451930587
2566,3.9569483451930587
2567,3.9569483451930587
2568,3.9569483451930587
2569,3.9569483451930587
2570,3.9569483451930587
2571,3.9569483451930587
2572,3.9569483451930587
2573,3.9569483451930587
2574,3.9569483451930587
2575,3.9569483451930587
2576,3.9569483451930587
2577,3.9569483451930587
2578,3.9569483451930587
2579,3.9569483451930587
2580,3.9569483451930587
2581,3.9569483451930587
2582,3.9569483451930587
2583,3.9569483451930587
2584,3.9569483451930587
2585,3.9569483451930587
2586,3.9569483451930587
2587,3.9569483451930587
2588,3.9569483451930587
2589,3.9569483451930587
2590,3.9569483451930587
2591,3.9569483451930587
2592,3.9569483451930587
2593,3.9569483451930587
2594,3.9569483451930587
2595,3.9569483451930587
2596,3.9569483451930587
2597,3.9569483451930587
2598,3.9569483451930587
2599,3.9569483451930587
2600,3.9569483451930587
2601,3.9569483451930587
2602,3.9569483451930587
2603,3.9569483451930587
2604,3.9569483451930587
2605,3.9569483451930587
2606,3.9569483451930587
2607,3.9569483451930587
2608,3.9569483451930587
2609,3.9569483451930587
2610,3.9569483451930587
2611,3.9569483451930587
2612,3.9569483451930587
2613,3.9569483451930587
2614,3.9569483451930587
2615,3.9569483451930587
2616,3.9569483451930587
2617,3.9569483451930587
2618,3.9569483451930587
2619,3.9569483451930587
2620,3.9569483451930587
2621,3.9569483451930587
2622,3.9569483451930587
2623,3.9569483451930587
2624,3.9569483451930587
2625,3.9569483451930587
2626,3.9569483451930587
2627,3.9569483451930587
2628,3.9569483451930587
2629,3.9569483451930587
2630,3.9569483451930587
2631,3.9569483451930587
2632,3.9569483451930587
2633,3.9569483451930587
2634,3.9569483451930587
2635,3.9569483451930587
2636,3.9569483451930587
2637,3.9569483451930587
2638,3.9569483451930587
2639,3.9569483451930587
2640,3.9569483451930587
2641,3.9569483451930587
2642,3.9569483451930587
2643,3.9569483451930587
2644,3.9569483451930587
2645,3.9569483451930587
2646,3.9569483451930587
2647,3.9569483451930587
2648,3.9569483451930587
2649,3.9569483451930587
2650,3.9569483451930587
2651,3.9569483451930587
2652,3.9569483451930587
2653,3.9569483451930587
2654,3.9569483451930587
2655,3.9569483451930587
2656,3.9569483451930587
2657,3.9569483451930587
2658,3.9569483451930587
2659,3.9569483451930587
2660,3.9569483451930587
2661,3.9569483451930587
2662,3.9569483451930587
2663,3.9569483451930587
2664,3.9569483451930587
2665,3.9569483451930587
2666,3.9569483451930587
2667,3.9569483451930587
2668,3.9569483451930587
2669,3.9569483451930587
2670,3.9569483451930587
2671,3.9569483451930587
2672,3.9569483451930587
2673,3.9569483451930587
2674,3.9569483451930587
2675,3.9569483451930587
2676,3.9569483451930587
2677,3.9569483451930587
2678,3.9569483451930587
2679,3.9569483451930587
2680,3.9569483451930587
2681,3.9569483451930587
2682,3.9569483451930587
2683,3.9569483451930587
2684,3.9569483451930587
2685,3.9569483451930587
2686,3.9569483451930587
2687,3.9569483451930587
2688,3.9569483451930587
2689,3.9569483451930587
2690,3.9569483451930587
2691,3.9569483451930587
2692,3.9569483451930587
2693,3.9569483451930587
2694,3.9569483451930587
2695,3.9569483451930587
2696,3.9569483451930587
2697,3.9569483451930587
2698,3.9569483451930587
2699,3.9569483451930587
2700,3.9569483451930587
2701,3.9569483451930587
2702,3.9569483451930587
2703,3.9569483451930587
2704,3.9569483451930587
2705,3.9569483451930587
2706,3.9569483451930587
2707,3.9569483451930587
2708,3.9569483451930587
2709,3.9569483451930587
2710,3.9569483451930587
2711,3.9569483451930587
2712,3.9569483451930587
2713,3.9569483451930587
2714,3.9569483451930587
2715,3.9569483451930587
2716,3.9569483451930587
2717,3.9569483451930587
2718,3.9569483451930587
2719,3.9569483451930587
2720,3.9569483451930587
2721,3.9569483451930587
2722,3.9569483451930587
2723,3.9569483451930587
2724,3.9569483451930587
2725,3.9569483451930587
2726,3.9569483451930587
2727,3.9569483451930587
2728,3.9569483451930587
2729,3.9569483451930587
2730,3.9569483451930587
