user_id,item_id,rating
16,19,2.8278342296103616
16,245,2.894483062802987
8,186,3.2728113721309033
37,136,4.162128144170711
54,10,4.766407803264924
76,262,3.2074754494672257
12,227,2.931294914141457
46,244,6.6310213346170475
85,249,4.991506402590374
63,78,2.60546367315185
92,266,2.288168465550458
20,5,3.357466834166939
88,22,4.755504401784615
58,263,5.776241234269838
48,29,5.276936924750973
44,69,4.04796755193546
33,54,4.2547907194925205
89,212,3.7255436349737487
80,290,6.572087437982101
76,55,2.683211272870376
96,235,2.758710719651069
32,239,2.563430730427607
58,12,4.403810125426556
76,102,2.622428954280465
86,168,3.291092199960109
36,222,6.817446823921729
26,93,4.748285434526575
12,35,2.278994099491119
37,46,3.4917911916116484
84,267,3.736565583283013
99,172,3.3335113274615167
39,118,3.8435567890318887
30,279,2.1762585538092365
90,141,4.516667393740076
54,191,4.116673693767433
77,156,4.0503425277201
22,241,3.7188262642943513
6,250,4.586599259114924
77,58,4.3399430907167105
10,134,6.152900683381181
92,152,2.4312749455373273
39,71,2.4069648808426996
58,22,2.8556942981677746
36,34,4.725544925591163
80,241,4.279824225150636
54,185,4.3601629324470945
77,161,3.318834673124699
39,4,5.4062448307430335
15,24,4.784562571874019
27,90,3.9201608162596244
76,115,3.536023167102637
92,77,2.3406568234111105
65,265,4.026344920179502
31,76,3.6911392189465277
53,293,3.3421280357721117
55,212,3.7278905843324286
66,12,3.2374998843481624
7,52,4.620058283456395
31,64,3.571070230506665
90,124,2.915738023828889
72,285,3.875231596420498
13,239,3.3358950638476963
53,136,3.2996671363069687
37,213,3.974577191415943
96,192,3.589799673243013
43,151,4.135563394081473
64,192,3.8019845536860304
26,100,3.140429140202852
92,265,2.9134923545127824
91,212,4.585566906480504
44,115,3.4099798478053556
46,192,4.594004406790572
68,282,3.4751807529229204
85,245,5.997241128613192
31,134,3.509859494893366
63,141,3.168125100472795
80,235,4.184378060384916
2,94,2.7201431792142245
89,172,3.708757025013509
55,236,5.614653065511959
64,271,3.9517214816719437
40,206,3.3878218819620414
45,227,3.09525167185427
96,132,3.871061417014311
20,137,3.128565062682325
38,108,3.58358760748873
93,200,6.072150246132014
33,296,4.095877453574856
38,227,3.3849635884125298
94,218,4.821593930709513
29,9,3.3685003875538753
54,299,4.251483075546042
0,290,6.831695307327468
79,83,3.8894440542835658
53,232,5.435476834106985
43,297,4.037849090802507
41,32,1.870500316960393
90,169,3.411037971205612
3,109,3.407547746394913
14,299,1.9314869644542905
37,28,3.7060242495820925
33,25,2.990875564388097
44,109,3.514973372190561
43,122,5.9881400860353216
15,142,3.8653625808259107
58,8,4.131317410511206
64,238,4.365279863975023
56,194,4.719933488840711
59,204,3.9320780079886073
25,196,3.7688002579735373
96,87,1.5740100691292607
37,241,4.55596732294299
4,208,4.631170578400452
5,28,2.8276567875911303
30,43,1.8643653887483802
48,106,3.9647757923109466
16,266,1.5557795743639717
77,47,3.6428940090673145
30,12,1.8085606779385206
83,256,3.5174359605698706
42,177,4.083552095954475
48,70,4.697567452180822
74,177,4.113104663392462
3,196,5.694601443567406
15,11,4.33762915514849
5,9,2.5074325429286044
5,109,2.668288087310409
80,3,5.8581470012316865
70,111,4.053553213037353
58,31,4.892015463480505
18,279,1.6939214670069584
70,114,4.765732976515639
90,70,4.355431180885517
69,147,4.592559058287481
42,299,4.321444765439092
8,278,2.444614220560779
84,48,5.687829317140412
44,257,3.6084637999260907
54,136,3.8478851833447316
4,32,4.052547061320796
35,253,2.9186994631780063
29,211,2.4543170129210456
67,233,1.6099548561700905
23,289,3.724599853786582
67,54,2.89554849978708
78,114,5.668754175274922
77,92,3.680985199825855
75,257,7.0949636950889685
14,80,2.024163928443783
89,33,3.912794850275234
61,20,2.863464884936126
55,143,5.629839285199289
50,123,5.196693177025185
19,85,3.7560320968683034
18,145,1.8367874880341257
84,213,3.672891850461781
51,252,2.6952303768607435
3,166,3.161378025416527
37,196,6.51872866517505
97,87,3.7900914577508504
64,115,3.5566978768150155
14,172,1.64239119480336
47,99,5.354766391795037
11,215,4.178971686221148
33,135,3.9716520806302946
15,257,5.865165705622183
43,225,5.393242670801168
53,231,2.50347061693352
83,92,4.6108574932563196
38,140,4.109809938052561
2,97,2.288423171582641
27,259,4.717267415237964
87,196,6.3269021263980605
74,251,4.21741698179313
39,234,2.827610119078023
89,195,3.869367601681519
50,130,3.631667601773707
75,64,6.226247335962187
13,22,2.6294729578866427
59,144,3.9659329984361618
10,2,7.4343521999448035
69,211,4.88190446439879
15,103,2.82319614367645
27,172,2.523136622277749
82,237,4.268343375589385
56,215,4.09253508588098
95,242,2.2267310618658627
52,107,5.124602174039215
15,298,3.169018551013004
4,236,4.838535420591111
52,99,3.478109404458327
99,217,5.003374048823919
6,39,4.540360917448664
17,299,4.092326543599032
58,117,2.657260521527083
92,234,2.2213589701172496
93,183,5.166597865098243
3,286,4.034771533677318
4,294,4.048053856915702
76,176,4.036976805813192
82,265,5.184168392465939
66,122,2.2979977405107896
98,184,2.9849758543380123
21,228,3.2801325949360525
54,257,5.439781397523106
98,61,4.4297578336488845
65,197,5.136892438612186
51,195,3.3692742304452468
76,37,2.2856868604425538
73,75,2.361148161619556
1,176,5.233740562095561
58,232,4.776740820449888
86,290,6.250595926111108
97,108,3.449950420834871
95,136,2.271604162647614
28,264,4.65184601685006
27,217,5.0557616189162315
35,62,4.584981717983849
29,142,3.3825600922426164
78,244,6.13283577525106
94,37,5.45353065162305
80,225,5.850565979046799
86,107,4.640085834908897
15,241,3.5044692880926136
90,199,4.02364547079429
96,266,1.6674594363397575
6,201,3.0887077335173316
82,38,2.460335313317766
60,219,2.5991764225286906
60,236,3.735912849655019
83,15,3.22413265068217
57,125,4.0362414058932705
21,81,2.9796025751270845
57,37,5.850401523248177
73,186,2.7736246010129566
90,1,6.343016584535898
73,113,2.9555359426126264
73,147,2.4236392071385024
18,93,2.1628958135490506
77,15,4.131920561509611
56,169,4.983536514113247
2,211,4.415957777512511
56,227,5.058017463006628
46,135,6.936557665759637
84,68,3.9174854608310605
65,281,4.372294295257981
37,154,5.551612670677076
22,233,3.1328504408524664
62,274,3.396716672811241
64,220,4.4153524266254145
54,48,5.189716948956008
99,173,6.073899055298126
90,52,5.740134690144377
43,80,3.4839769854930553
47,122,5.5315820577734245
21,20,3.465561372789738
41,291,3.380484278599198
83,3,3.856881738553877
60,229,6.140024895643158
37,208,5.268803550539224
99,82,3.2026197740692237
73,229,1.6734667447987635
36,147,6.700832912321914
25,5,4.681347963694395
57,216,3.984885921904226
80,291,5.059852129142677
16,38,3.0551463734297486
97,8,2.7175488458228076
85,53,4.8226250232022885
5,42,2.3740886945184476
69,6,3.2007397677747877
62,43,3.508286167169205
78,15,6.190288980361722
39,0,3.2780029033670615
39,14,2.769347311091406
3,181,4.208765219839013
87,258,4.105046271333941
63,125,2.2407930541227663
61,79,2.748322391428534
86,176,6.290710580881763
90,144,2.954553586797963
41,49,2.6241382755107767
10,90,5.493103192766549
48,159,4.1493252611748925
7,56,4.231012352309088
49,165,4.704391187686632
10,113,5.13661402552283
68,146,3.7064202121925898
79,265,4.1338943650979445
17,46,4.8563054671997286
37,163,4.516043894108862
81,93,3.3302210142061592
85,293,2.922352569050568
98,203,4.344499429915869
80,119,6.035600854446465
99,214,4.118733057941588
57,19,3.7258726913185907
79,213,3.9352294123334346
14,48,3.0874975252145944
34,80,2.9141898868359086
4,39,4.024322283340095
11,113,4.062127948116738
34,245,5.327046509974196
61,43,4.541115502475952
83,174,3.3989029527834447
38,198,3.558370775802917
70,262,5.211715773743621
14,89,3.6324025817588184
22,49,3.3389490719079924
26,261,4.5231084112066435
78,246,4.177571294791549
21,90,2.952865886327902
93,220,5.290262182356172
91,225,5.957272196638759
68,221,4.387849853530252
1,26,6.241776360170053
44,238,3.595521405438697
93,110,4.4793547400109714
35,227,3.9076405647379047
22,10,4.011748579353764
8,167,3.2924996872580192
29,253,3.338568594904755
42,151,3.964664616527448
16,147,3.144287557519498
39,261,3.2231462383091185
11,84,6.624292386761099
53,107,5.4035865771729235
80,131,4.345455987286527
64,144,3.5939382513098517
73,198,2.2643965267921597
84,82,5.694880744257546
72,118,2.2623203478003377
76,210,4.166495947317573
83,115,4.814838065874016
69,206,2.7141686760725863
4,289,4.359815067104945
94,200,4.199423084966566
43,145,3.1637661413691487
63,228,3.2239665507009554
25,193,3.9100410865525985
59,3,4.468368718913503
66,111,2.6334235231099283
91,169,3.9295786512487227
3,59,3.3806893585463746
50,102,4.101887840173285
54,297,4.471478040182714
82,109,4.423841776225716
3,88,3.7024739140857292
85,208,3.5910176225688697
4,16,5.189853656140699
38,120,3.48446695151566
16,255,2.705704245148576
26,284,3.366868755980194
55,234,3.6138227503285547
93,186,4.600918116739689
58,249,4.911848252848279
67,107,3.260249730465902
65,23,4.565875132276527
26,176,4.896379137679238
1,255,4.219809033333674
50,249,5.375753618038258
44,233,2.960179610619443
83,69,3.0522291359886813
67,98,2.199339379332719
2,219,3.4847346690315253
48,180,3.031384934789297
86,163,4.598034516193806
99,170,2.719851073057485
12,238,2.3615859390970826
98,158,4.765473118123281
43,107,3.8115467416438715
75,148,5.017530872214612
84,288,4.347374413896005
12,275,3.504543538305706
47,298,2.9889840465707254
13,208,5.616805242815575
68,264,3.035405937942753
12,124,4.039597432187373
31,91,2.8698525693125814
72,211,3.49752428131173
96,63,3.8753783113430873
33,193,2.747601989880998
7,75,4.113963859821413
33,183,3.108023304856357
13,30,4.874338318086176
58,141,5.8052192157964235
34,128,4.736503850705774
21,276,4.729218987941899
97,103,3.718236524074937
48,240,3.294404844064048
53,193,5.5603499675182695
97,149,4.255442240571331
20,126,3.2784745485584454
6,157,2.1221898366938645
15,80,2.791495586221826
73,33,1.9196999735746032
14,13,2.055437495458767
42,0,5.2799066868996904
5,174,3.4716971386090614
75,219,5.532183022247988
97,20,3.26259569406972
18,63,2.3683647645267016
38,283,4.667112887216817
60,167,4.170362229105703
54,140,4.744010125354827
53,297,2.905972275505347
28,30,3.942284559181146
13,215,3.7615342440106043
71,58,1.9091894330204557
2,199,2.391266731982566
62,127,2.785891586924447
14,60,2.2676360403603883
80,187,4.228055429826701
19,44,2.9818856528181765
78,137,3.6724591978939753
32,165,3.5312694438905594
66,264,2.80805926136788
37,93,6.7047188453656
96,219,2.4871451006656864
81,99,3.3497321616265423
89,8,3.7502957177865865
62,27,3.38233031337056
86,169,2.9602536655194718
54,217,6.263781912817939
37,258,5.032848347068331
76,106,2.1900386354711974
55,255,4.395307743566576
46,131,5.035661526689454
64,46,4.161631279952767
76,121,4.483097396721394
2,161,4.160233775837048
10,56,5.993754869601904
21,58,2.6900251177460532
31,205,5.205402619408568
54,43,6.0840169963810995
38,124,4.637742436681968
11,112,5.436216216994076
72,106,2.728365231964608
48,213,3.081052769006737
40,98,3.758778304220543
25,239,3.8810329491591133
56,75,4.736839243395398
81,41,3.5581459511832993
82,264,2.2097906735718786
44,20,3.6892889191068123
67,56,2.5971456928854426
45,113,3.080903690981063
38,163,2.5726015698927776
90,181,6.339941384121288
64,199,3.4812866231093684
4,65,5.182978849322515
54,132,3.9879548118649497
66,84,3.428727386903612
11,89,5.752239557174747
88,106,5.239013546511113
73,196,3.7115892127335566
85,65,4.710985666506536
45,274,3.682053041126864
88,178,6.539087806369599
33,195,3.1720249470081794
56,62,5.275237032727317
69,281,3.1258615244343013
76,207,2.7176140377488984
76,80,2.1767460263197647
2,37,4.489014644826534
54,184,4.989589626324799
65,237,3.8379783691078364
49,289,2.49202057455467
65,133,5.660696697485598
38,277,3.4468303883121956
88,145,6.609184904102162
2,57,3.0796117241068006
64,75,3.766946260976221
85,170,3.243482725496216
90,13,2.9329124820444448
97,19,4.705187876179635
19,109,4.402203933581276
70,248,4.605780731001847
95,282,4.614145280894434
53,155,4.618433980722296
40,162,4.124535873342204
84,241,4.035079777444542
75,27,4.899801491263776
19,20,2.4446320423062806
48,55,3.999328617190169
92,157,2.399786368369136
56,60,4.892944524742997
52,153,1.6758666278160606
20,156,3.930040711679172
54,60,5.162603825462326
78,101,5.625071116752703
98,173,3.752029570135973
62,118,2.4088590832794816
11,201,5.592138540960505
75,14,5.168070247097846
55,116,4.981789429443137
59,298,3.884065127640594
79,139,4.2250767302579435
76,34,2.5417894842420545
12,119,2.467046007247664
91,103,4.712222114164433
36,57,5.40989662254127
46,102,4.082681520570851
52,47,2.074594154133988
11,128,4.442746549656546
75,3,5.33345371663552
66,104,2.6577069994941898
18,282,4.3212625451480084
1,110,4.017416780341963
82,123,3.8352574213348367
82,102,1.7474597231973905
99,1,4.629511694402055
41,90,2.1534036226630806
51,36,3.0955201339153633
88,188,5.22112217122553
68,240,4.081695824587247
52,29,1.9287881841396923
80,272,6.962530125363216
34,290,5.449944051102385
68,207,4.001038521257529
56,198,6.027691747769403
5,29,4.71628882686113
50,43,5.215393554620718
53,289,3.277671586432968
41,289,3.625337992521991
45,225,3.5122845266798195
58,158,4.040053622635976
6,284,3.4470687641220046
99,165,4.501259322163216
91,217,4.598725613385918
82,261,4.796886374839726
96,196,2.010861129520817
72,25,1.7829673203238692
40,262,3.6053338018729786
3,8,3.6537529872269285
44,59,3.9688040394590547
19,115,2.3484863601823935
79,185,3.8185214718268363
5,82,2.5753902393840313
12,8,3.0417179216745653
39,51,2.7029823183647497
59,294,3.8156025853115962
99,189,3.078111671185544
98,236,4.586196064725471
90,290,6.337039625315638
14,109,1.7719883018221612
89,274,3.6121785908410615
43,165,4.077678777565129
29,160,2.5783023167177284
5,136,3.6359847479195992
31,256,4.468203748040781
1,48,3.545610412180229
77,152,2.8526206312837155
55,158,6.075443165907017
75,21,6.302086714246336
53,226,4.681858727293425
21,102,3.732589798789923
38,156,3.9950280698858185
34,35,3.2882721085290014
54,66,5.668985631036665
17,260,7.024099825246777
94,47,2.543822702621305
10,107,7.662385428762681
30,142,1.7686457506726756
34,97,2.977194431302375
27,193,2.6559727113934275
62,241,2.756777407013498
33,166,3.544757294196124
19,70,2.718488864215248
49,270,3.4250030537071194
70,291,5.080260870463114
16,178,2.507551331932386
62,102,2.896447360513634
93,232,4.195653446778383
48,174,4.471033615806639
74,183,3.4238033727598656
74,228,3.02991022225682
2,5,3.302710931482968
42,84,3.9948973313834126
48,298,3.6487471158511458
42,37,5.822365083152084
8,228,3.005398602500818
50,24,5.783361366243716
67,232,2.6047889919730753
89,183,3.3527436950966347
96,67,2.9587665155599723
5,130,4.404426032775982
89,264,4.167923989291496
69,129,4.7718184980775336
57,169,3.7145246882661844
54,239,4.962204216777428
44,223,5.510612413021513
60,65,6.193330500926483
39,84,2.603635010204522
92,126,3.234133725863331
83,59,3.124136931001203
73,271,2.2448082049686255
45,32,4.181515907032617
45,174,4.851612856564613
86,181,6.166685351475291
24,153,5.959686971278746
26,195,4.608030885217216
35,149,4.88769194513298
21,267,3.7849463120487217
27,165,4.772983572624384
47,192,4.689508721811939
22,196,6.206499730397019
17,283,4.153718819273979
76,83,2.657422770434308
80,162,3.433038715684435
83,30,4.675841542669041
17,61,5.436335021555426
64,190,3.464534523293395
6,210,4.266768242494423
93,67,3.87379779989071
70,84,7.460641563809091
44,258,6.251074689460009
38,273,3.1613400366571494
46,242,4.25785336111506
51,250,4.864904589751404
52,158,2.3360816917305653
55,59,5.122782925147033
28,41,4.790578981859846
62,98,2.393878441894397
23,198,4.228128296178461
23,248,3.866966073118405
82,164,2.8625122283279616
81,45,2.658820586378503
18,28,2.578330034596983
71,203,5.098663802637339
45,20,2.961031881914595
86,250,4.343347659767785
47,234,3.8689500074220757
28,88,1.8294586401548816
89,190,3.4653362994834187
18,161,2.3136285744505596
48,97,4.083366307160115
85,140,3.178194448983073
64,148,3.614601478319614
95,261,5.035776940202001
90,231,3.6461320224187572
4,120,5.478882443008243
38,186,4.375522075272191
78,32,5.0541351293603665
25,76,5.795407661604269
34,127,3.7495251277628334
87,266,4.956881158406583
84,254,5.711867473925582
53,241,2.8831022543177283
69,280,3.210514915607916
72,188,3.2382405682469075
57,104,3.471907850428278
39,253,2.309076846222165
53,9,4.113471922408843
86,226,6.100332396987127
72,128,2.642028473607348
41,242,1.9759759269435238
84,17,3.7923024681600785
69,274,3.3520409508379596
63,53,2.286719705531191
81,79,2.135380223672682
43,283,4.640260386274184
96,94,2.317499153686348
79,77,2.937228922555192
70,288,4.002504243879091
72,21,4.627208048853508
29,8,2.620687057913521
62,231,5.0752592491643735
92,165,2.957653095195821
21,193,3.233559973564676
64,197,3.574232483416905
68,18,3.9472808219882713
45,288,3.8845672999401684
20,286,2.678301046316362
26,244,2.984433018882592
25,190,5.915006942034302
16,75,2.573358059428675
62,234,2.8167525216756024
19,205,2.773772185866127
55,276,4.706198702880529
51,106,2.6566951099456313
29,273,2.4137400803243514
35,65,4.4053772247160365
47,174,4.99755365598068
8,2,4.6207640214871795
93,137,4.754918893128379
11,187,5.5717261795358874
20,9,3.4163987766131245
23,272,5.296992067825538
80,122,6.670345075212853
8,283,3.257382526305612
17,189,4.202321405494819
48,181,3.4702326589478028
27,179,5.024452038926726
56,274,4.571994976121636
76,120,2.560926203322879
44,267,3.9414429315495516
91,150,4.217005859742991
36,192,7.102300322821785
27,238,5.070217289392647
48,130,4.731257018190595
49,162,4.333968659859043
60,155,4.120124450593142
87,170,4.57072659841685
73,118,2.561607949273138
82,148,1.654190433049495
36,98,3.860295756320089
0,170,5.822376076153501
93,297,3.199180409697652
20,0,4.306510528477615
79,143,4.133329852756006
67,39,3.6579761362919547
35,16,5.016125032830622
58,218,2.857815952384793
29,229,3.089982386002114
68,100,3.9848959685381815
65,50,3.4930762900475183
79,19,5.848802940548627
41,124,2.638084282974605
44,68,3.6451077745666605
78,235,4.61929796835523
55,252,4.641395607138578
1,169,4.1967335256907266
54,0,5.623331041713463
56,38,4.778834452487418
57,283,3.052949780174451
65,231,3.683628158977265
89,282,3.3287115539704537
42,3,4.333281308207767
59,171,4.365888277161695
0,3,6.917269698758272
9,274,1.8906567452348966
15,128,4.068323756901323
99,295,4.134749905566125
19,190,3.9464908717722444
51,194,2.709476113929222
70,290,4.27689462677826
79,55,3.0355740812124394
44,278,2.763200986587325
75,61,7.487084613682761
73,132,3.0349427321768085
25,282,3.86877392830803
55,189,4.341110830075732
88,235,4.747025200786567
59,84,5.035561180958905
35,214,2.746491596999412
48,79,3.184787657365103
16,227,2.050694696695903
67,0,4.467658692388395
35,233,3.473804516125001
94,180,3.1137470316842273
38,246,3.5269079419813196
57,58,3.6484621835448867
40,253,4.192275203397507
95,155,2.4341501760082904
81,29,4.076365598029755
59,241,4.404025363124428
69,65,5.190112499999707
10,116,6.412667709206425
78,202,3.809276452033287
31,0,4.567494029343873
71,208,3.8420776539239676
39,222,2.6035733110044728
56,143,4.835495112021798
23,194,3.975068742056324
5,135,3.464269024798801
16,59,2.7963674013236672
35,202,2.1868887495956484
67,159,2.222011821161527
20,109,3.1129892730310766
30,166,1.8367400860761127
16,93,4.013342046250324
39,274,2.2916495871861007
81,25,2.2042065278830894
50,108,4.445254213250498
76,215,2.6078249343536823
13,227,4.15522742265179
38,195,3.154641966333661
60,270,2.6423911840892966
93,258,6.0112274911395875
36,243,4.879593106716204
46,4,6.013455990323814
70,165,7.109298659835347
75,104,4.932461755820204
37,285,6.000705486589376
90,136,2.995893658435128
6,90,2.9458708532999345
10,52,6.804409605584508
60,51,5.400670523934554
47,147,5.5775142749975775
66,213,2.1294591994298298
57,184,3.842610939248789
50,230,3.6559794563950962
77,241,2.8923762954689756
13,64,2.9257615293910133
56,239,4.860395687795328
77,109,5.1036392535388355
32,255,2.8938488673885625
11,9,4.847798285073947
42,225,5.130970273406118
60,105,2.461080505527669
91,243,2.7184299147055104
45,87,3.997109406485512
42,71,4.037654497413875
8,18,4.191055517050909
40,121,5.11373171515729
43,15,4.255720098742406
99,12,5.109201816399183
94,2,5.043905524611108
66,188,3.121557807159401
63,149,2.3596833175754472
23,101,4.023504532697485
49,42,2.2872147253640676
25,176,6.779819456975242
36,129,6.51151509978363
7,122,6.040475253064813
77,42,3.796416567943075
99,213,3.743402829871697
72,143,3.765834684216314
53,152,2.8179294169236533
61,82,5.401859286898779
83,172,2.374831789456283
53,257,4.624440061701004
36,228,5.362308901085286
35,225,4.332601483937681
44,276,4.908790694932083
66,102,2.133799602464774
68,220,4.911132069331051
55,88,4.532025379115326
47,138,3.6270900941149256
41,53,2.3476034384083366
35,297,3.295775307958701
13,48,4.103857460795595
40,164,4.875215321993992
93,94,4.2437839405026905
51,83,3.0609980081158166
38,122,3.5523619180250487
84,34,5.107892259595381
70,98,3.7821977395399076
24,289,2.6352776956254256
17,123,5.589427347982577
33,132,3.7445314129535334
70,85,5.842176025966962
57,276,4.831990456780892
67,124,1.905850808904604
60,209,5.31094926170206
95,126,4.142938814216861
94,217,3.4521305528807322
30,141,2.9442282934200614
47,53,5.746994002428401
55,36,4.937489941017901
66,256,1.992851368326978
81,290,3.6227311273365785
97,62,3.9837350133052296
65,17,4.359036233518049
41,210,3.333478665184653
6,132,2.1072529688613666
26,115,6.126837721473263
8,66,3.763719453026404
38,252,4.032294301806121
6,244,5.2885768269502105
56,145,3.8375210469754584
58,94,3.999860139725978
0,115,6.009088871303185
18,156,2.5891728110815317
45,249,4.616605675635997
19,57,2.9979729018627475
44,98,3.152863940052145
7,29,3.4712391550430293
23,53,6.000380640017479
58,144,4.696883924706603
25,60,3.228527003700161
12,51,2.409787212135203
9,253,2.4002309804396265
34,153,3.586143162392309
12,79,2.362460720277749
35,42,3.105756055795312
37,40,6.067417556796753
27,170,3.9155436054531285
30,82,5.149203024651383
94,136,2.9107087891873626
47,15,5.658607394401084
85,184,2.8541532187809864
34,183,2.855358978361199
36,71,4.578198910074444
61,263,4.4765562484620505
43,237,3.9756926770778356
60,216,4.37705031231088
23,46,3.2451684862738555
62,96,4.368110211106761
28,177,3.552148537586807
87,220,4.518429623644653
74,123,5.108858827692808
15,157,2.4744232120740937
51,248,2.920366018222622
28,139,1.8435867189410933
44,196,3.8049635353533913
54,227,5.07485714888042
95,14,3.2104436665158973
20,233,3.745067203382898
31,92,3.158693476346808
91,175,3.672321175474223
41,87,2.742857037735473
13,5,3.535698038048548
65,70,5.76366800540248
84,279,3.706985746618366
85,282,5.9983641685999824
14,38,1.8547346496393686
90,183,4.136740590986291
49,180,2.94583785341976
66,119,3.0488703566705624
57,172,2.7899304430682847
86,172,4.5779384358638255
78,189,4.314330534445909
16,272,3.1910918899443153
80,90,4.163737356301422
57,108,5.134985614964021
25,87,5.494113396454245
20,16,4.384467970625507
30,186,2.47295685792539
35,229,5.1382887531504755
82,32,2.8842453468559173
37,130,4.958963640305423
84,289,3.641794194631918
63,185,2.961498284296952
73,137,2.23762816758784
86,293,4.445831570716035
89,118,3.4041563717043797
57,78,3.850061894392017
69,84,5.670544423661655
5,180,3.4891364548709562
96,144,3.193011601248809
86,88,3.8003671295019053
41,295,3.6752120993623136
99,50,3.2160164161946048
44,244,5.786360455195583
1,267,4.79153472109203
60,166,4.462294043500305
10,190,6.6752309807453205
52,148,4.298042713223823
28,191,4.867245521819818
56,193,5.46240683572264
89,81,2.869535850632108
6,111,2.166179824133036
35,58,3.171066617236397
52,147,4.153774458453298
57,99,3.418593178545165
69,56,4.161496361903789
93,207,5.123709618398701
93,225,6.172769826622709
37,135,4.70138010401431
10,230,5.429310085677238
58,211,5.699050219117049
10,244,5.387289542942023
29,130,3.8653611994385813
73,269,2.3006060242307385
23,55,4.100767671025478
33,234,3.754827421996582
78,262,6.048536072002582
88,14,4.80862827032595
76,213,3.1095757594586257
13,82,4.59043885086697
65,96,3.803226022085341
0,93,6.280072978713768
96,100,4.052736183037824
11,50,4.1954488997643065
91,146,3.8939657993870562
64,134,4.5054728370745165
48,98,4.300348046635238
49,229,4.356534826306071
79,126,3.8619179239617085
21,4,3.5151485884658764
94,186,2.5010765282429905
46,250,6.427967629447575
97,46,4.333663845012045
76,279,2.802610991588866
26,295,5.619357742988032
17,164,4.9562803294541835
14,203,3.5065304494061125
55,13,4.925720501937681
68,175,2.758975244361348
16,191,5.403877525497911
60,131,3.1540856381356024
10,283,5.1353520369625
53,249,3.3032802699289845
88,166,5.031740779332628
68,11,5.787726963802736
58,157,3.7094333210251142
86,108,4.499079905723727
97,107,2.56185091732163
7,226,5.537932846198444
51,199,3.198371773062586
67,213,2.0691635032065903
65,191,5.098014916632696
99,114,4.320548792783238
44,76,4.180907839520214
65,67,4.04685245496196
89,288,2.912843987760914
87,257,6.31593353728619
55,145,4.5668385104587195
32,46,1.8267377830992801
31,119,4.611896990342241
90,176,6.689886047818536
87,127,4.479794102774675
86,259,4.699316852199762
78,134,3.5698679858707316
27,154,2.4609372092931445
6,171,3.470675023335318
99,134,3.9710932959429632
66,39,2.9635028825026635
39,273,3.2634688974379205
12,16,2.3459830797727284
41,173,1.9886148762155291
86,92,6.215156026897675
68,14,3.153782465544625
65,27,6.206272023715712
63,287,2.9996077600160236
29,50,4.080589354845564
78,288,4.552185330675521
35,299,2.8027636868905184
12,225,3.3488479168070358
11,116,6.54414080302025
98,169,3.0287136004069226
94,140,2.8585293632306494
26,213,4.157076619841025
23,100,4.3069338983481185
37,118,4.010692982870789
2,275,3.0000628478677793
98,0,2.648107058866551
79,273,2.7127267487762943
28,197,4.276671625268968
69,16,4.31169158571412
93,21,4.204690022089968
40,14,3.872322719729634
46,218,4.9210121898881045
86,19,5.424719983384079
31,85,2.52188135471304
54,265,4.693254853906655
31,25,3.066470596561553
53,92,4.376817442686529
57,195,3.571179363751874
81,190,2.7474054388448366
32,242,1.4924651713344477
14,118,1.5722700532633882
39,288,3.3526219318207438
67,30,3.6054940158077278
28,15,3.2201283399787575
24,194,2.5990485298519967
0,59,6.247875536771215
83,261,3.1308124616005037
28,204,2.160825479713797
96,43,4.490090849468983
68,287,5.840464611427046
69,238,2.216702968804583
87,110,3.9344332328133222
64,61,3.3591878484316133
80,113,4.344746855400941
52,154,4.152492168795312
22,110,3.9103428038717007
54,180,4.199819911482218
51,127,2.547352235189548
74,75,3.3944637644804447
79,288,3.33179905227818
45,84,6.364066355499684
46,285,6.223981912485498
81,195,1.7453619563965503
36,174,5.710437333277598
36,256,6.473880693999551
73,253,1.8859062465523329
1,69,4.890733618545718
81,59,3.758211149314441
69,76,3.1581445277666123
84,40,6.52982380016656
67,176,2.5274239141943653
48,229,3.8169886524836545
88,11,6.24765851606035
36,5,4.485202541221456
38,144,4.3240911415183785
96,30,3.0172088882671493
93,208,5.042925645406973
30,83,1.8784988210239182
31,259,5.570057933134528
87,224,6.546516435609825
47,209,5.745071397150808
94,171,4.151112185767113
22,114,4.161758398038507
41,294,2.315911976858278
74,172,2.686970110835075
81,104,2.3713494759042226
36,74,6.33447139287401
15,58,3.6227673809612906
51,131,2.947353381932255
15,154,4.868007955227069
8,11,4.790266598107679
37,247,3.930924709731255
48,275,5.049829898392378
69,285,3.547433448844747
44,160,2.972613486671664
4,165,4.7745593127223405
48,115,4.430141256898841
18,81,1.8475772172867106
20,79,3.751394072908359
55,157,4.4524038361838185
38,66,3.4213874768291204
56,139,4.171248738616006
72,158,4.497512075104398
66,259,2.071901362076007
10,133,7.431365429525157
89,241,2.8423296510528067
17,276,4.2910580728908565
13,14,3.1262201600515427
61,205,3.597891879935704
23,193,4.184006819768932
14,69,4.126447947838176
92,94,2.3274366494912044
95,5,2.1629716781139563
42,1,5.026052261023308
12,11,2.5361035811927133
69,232,4.472647575839646
61,31,4.560937589737583
36,175,4.868360836393335
99,22,3.0750987644496863
56,286,4.181088605783274
34,31,4.58963011825782
78,225,5.707276206694823
18,105,2.367667784407862
48,116,3.624427940939857
78,128,4.007683434106829
61,125,3.9362946386506947
0,48,6.38220315959567
74,34,4.868633949863476
14,164,2.48344857957268
29,209,2.7344920669088775
68,247,3.208611168310723
25,259,6.629135953218788
17,177,4.7288267364094585
44,95,3.4127309280952556
98,289,3.867405468887922
56,289,4.747106305544085
84,113,3.505729138726837
10,208,5.769627484080898
37,42,4.196272386855585
9,168,2.3674484932334963
25,291,6.23553559352174
56,207,6.622896742236485
94,181,4.270851899985401
98,152,2.756362132750519
24,271,3.3629471199507175
21,166,2.6128023703248955
22,232,4.981049443709797
51,109,2.598185955019959
45,198,4.299720522990123
55,219,4.272995503833154
12,202,3.2048925494877554
91,283,5.257270784230366
31,121,2.9791390344019275
9,135,4.428432184311844
81,214,2.403437951758004
47,27,5.5229955885656645
65,254,5.626198341260224
91,286,4.951568293773897
41,14,2.3720026592442256
88,252,6.549403834284165
61,116,3.851429033640057
30,44,3.6764185369380264
70,210,7.321932426571637
60,121,2.6363630344089546
2,1,3.5548288151694822
12,93,5.819432197758625
61,94,3.7377335008180435
56,261,5.5541638241405735
70,270,6.906879047301795
63,255,2.644785546853583
66,76,2.543585004027443
88,12,5.759207148301844
75,276,5.050084103168178
28,153,4.417083826147893
67,92,2.9144210737147302
93,165,4.424950109059456
36,39,6.181795735798077
20,298,3.1868954943209946
28,9,2.5253228805457284
76,193,4.057483656617725
11,196,7.551389284938133
45,200,4.181815495405856
46,117,3.9530932012484508
16,61,2.3268219944395616
94,0,5.282230744029542
12,240,3.0244162068754723
19,246,2.4743915567465575
25,132,4.445217311413841
28,208,3.9382416982001542
57,277,3.5409993369231056
60,242,2.776831241420263
82,75,2.121344855958853
75,259,4.658653455517626
80,230,3.993792562278125
19,72,1.497237381263322
16,24,2.9129580183464774
89,254,4.047100890720312
66,193,2.4934903917309463
48,226,4.206864495560277
57,201,2.81594008367306
83,209,3.1841395754164563
20,210,3.833892754682412
20,12,3.3168039769364848
18,36,5.099319671448762
61,192,4.390581969786988
12,150,2.8777613790324352
42,29,5.348080816007811
75,246,5.266777851497642
70,56,4.573713036844047
0,188,4.659689461227594
16,77,1.9924789641196519
15,259,4.351488690395098
66,71,1.772993661168635
51,101,2.4989449481360877
4,184,4.423611723810844
49,74,4.1885633588527575
25,86,3.609679215043286
69,145,3.0137828185449624
95,73,4.196910504269035
61,49,3.5418670110579593
10,66,7.757105643490479
7,150,3.994894318444161
13,37,5.799182628613578
2,224,5.355936670507147
83,228,2.830001498277109
60,217,5.0468663567106855
74,142,3.8559385609457952
88,184,3.5325223162561654
81,203,3.7432359587942075
51,52,2.430136897788508
85,33,2.8392124335622553
35,178,3.2873657208449947
10,127,5.661460635114882
9,272,2.623307838558496
69,99,4.552101961031108
49,138,2.515166584707279
89,27,5.173459269963499
66,168,2.728738823374527
60,273,3.8531845073985598
46,5,4.195542736475952
29,299,2.89154064024319
49,263,4.100702331804714
69,11,3.32180902041347
77,206,6.078708451738269
40,126,4.03437203022989
70,172,4.287461747832598
34,273,4.010155146562647
83,268,3.597061757115412
38,262,2.849996215326848
98,144,3.4354424862774158
68,141,5.730990207395842
90,284,3.844506011158148
98,94,3.3120260586602925
15,88,2.4341396573391743
6,41,2.2963474451640824
33,227,3.9455322244337387
2,290,5.228786193847161
1,207,4.44847660197444
95,29,5.418839304690971
94,137,3.434973844739993
87,109,5.380538626814469
31,272,4.70355971568691
32,238,2.4397132174641403
39,220,2.732049568272218
15,43,3.846858631366118
82,131,2.763058535722345
43,85,4.00875855746462
93,160,3.575504518951459
24,215,3.4107203238576154
25,204,3.3110353390731886
15,17,4.239671966030237
93,184,3.5389686376711462
32,105,1.8936537983491968
98,76,3.489795448441402
62,5,2.5421697070457085
35,34,4.38278120463761
71,2,2.320165584944086
37,82,6.132647901207186
80,20,4.296219034029852
80,160,4.886687232990525
27,155,4.360443547670746
69,109,3.185690314179823
29,23,2.728110201866633
53,163,3.1051431708689483
67,152,1.9625180012349068
54,84,5.004515399919946
83,232,4.368670748300636
5,5,3.60471385914224
85,71,2.6893909952507133
40,11,4.078430212707234
33,1,4.006683172646832
43,66,4.231753481941871
40,232,4.027513632747803
3,238,2.3171400179932875
92,121,3.612113301258982
32,45,3.9232468062514925
68,241,3.8830763209044528
59,284,3.9534038545530645
50,41,5.355940756776829
74,265,3.1296050879071067
89,275,4.965703379994401
56,293,4.128344425131177
45,187,5.012114766288895
9,140,1.7023147881589065
80,53,6.023850133791632
48,247,3.1216861498405293
43,186,4.642214619537201
75,98,4.4125880065330305
64,100,3.096353258077503
4,126,3.1209458468540516
62,268,3.294427489425222
94,206,3.992140274481954
84,189,3.623058316293742
30,127,1.783214475262798
25,123,6.590321432663967
85,242,2.68867648127512
62,172,3.6922283620378957
25,233,3.3553816955212294
21,159,2.7207450122303163
81,102,1.497978366041921
13,78,3.120714073850213
34,134,4.406681798740258
47,261,4.686093383824372
70,150,4.7240788253028425
3,216,2.736351360616939
19,291,4.471345121997586
74,263,4.02427223958158
10,115,7.679271132939351
21,223,4.944920234845458
66,138,2.8467527789662035
87,297,4.970459764522495
95,125,3.0742383170615315
96,21,3.1573858743179835
54,118,3.9436505965664037
20,192,4.363919769563792
24,115,5.0061067618920445
44,268,5.717072764822257
76,147,2.2246127422972406
48,132,3.5217935311610717
85,255,2.830000591349148
23,224,4.073784444625514
15,23,3.0487444810368967
43,11,4.953285902893032
67,148,3.7335600456746243
30,273,1.578332843071295
69,275,2.6846120408461527
67,69,1.729487232174665
34,277,5.801950700466142
43,146,4.415549434206613
14,75,2.5517136220259395
38,19,3.7734190370881193
69,32,2.9511122602905617
51,292,5.3768235970086415
35,43,4.488972833776601
55,44,5.299762997822942
15,140,3.2070205406447565
85,84,5.294726983617338
26,140,4.058552508142582
24,77,2.699506453480551
38,88,3.1363984531632148
39,8,2.944254153993763
47,139,2.5578556467838345
45,132,4.578397229227986
33,217,4.642335493238308
93,250,5.541393296438317
4,52,4.4454605903430995
49,113,2.7197729842791314
74,187,2.582243342373579
67,292,3.8502391198520756
21,174,4.23718521396982
28,260,4.717312423173476
97,285,3.5203549087945074
53,175,5.68404656453248
39,39,2.578577630448699
5,188,3.9470447341214148
43,124,4.7438367893983475
32,280,2.8935290343244553
10,96,5.165261454718769
79,209,5.15070024453354
29,169,3.3218679023147053
27,263,2.3212466869264223
11,75,4.93934971360586
49,124,2.8523726271467438
19,100,1.8099677359061443
88,230,5.37606050418479
20,68,2.9974603269197826
23,190,4.030529902101868
64,231,4.7468741652941775
43,170,3.720620504937389
52,36,4.669294608260563
56,93,4.408336320573422
30,239,2.8295194699332296
49,200,4.45749889427918
94,9,2.5150022914184453
49,2,3.6883507787974503
95,221,3.058491938710769
34,99,4.76828063309322
38,242,3.436165139518125
78,123,5.43648911152927
68,262,4.961345272589196
58,88,3.2176467856746673
22,289,3.735577937608679
68,244,5.917956833167068
84,215,3.9130386987326715
96,8,2.939822956588888
12,131,3.0090277493025193
71,66,1.5994740002100971
88,164,4.472663588046199
21,84,2.9128977478738287
6,51,3.7532672057632315
32,145,2.30299914455625
91,122,5.409270930423374
80,83,3.562771884333521
15,158,3.1832120637506196
29,293,2.5167977185925685
4,194,4.396111720662729
60,200,5.0960445497711575
84,293,3.4165924839492194
64,156,3.2761207632215936
16,215,2.6772431238623233
73,38,2.42268051499948
68,148,3.879237248139555
24,18,4.718296662046155
68,204,4.24929153697744
7,14,3.622151991513585
71,234,2.5379048293438715
19,284,4.252242623890593
39,53,3.9450632047615612
49,107,3.39222551331011
98,163,3.5530308058659643
90,269,4.6387185664001125
48,117,4.085428991320732
34,250,3.338831613342245
5,73,3.3827160887338046
90,55,3.733760873135658
74,257,4.583683822716706
86,216,3.233571367007079
25,78,4.769131507438798
61,159,3.2961565576818974
55,218,5.692219906282854
58,166,4.463337349306344
19,204,1.9955052538377014
70,178,5.056759818177128
24,263,5.746174488286192
31,142,3.995398332149409
99,63,5.12166762479327
85,86,2.7302228868375398
83,26,4.0548018573724
23,43,6.000179679075147
57,42,4.467019403517581
95,146,4.76127336446436
26,50,3.468475910539374
45,163,3.2688465340419826
1,79,3.834651559902595
91,202,3.0598329401734827
88,43,4.906069426849684
91,28,4.297681845556485
22,259,5.384998558137545
92,239,2.3929641575850886
26,199,4.793736631691926
76,35,2.830219915921901
1,254,4.8361407020331955
85,185,2.703935723740559
16,160,1.8879099576569565
87,42,3.687668665806288
99,140,3.2998337097362347
80,152,3.6145509709750354
1,190,5.1582125620205295
40,288,3.9960624246372736
71,200,4.129486498674507
37,263,4.782430269593505
44,91,3.7483259460890612
99,216,3.510171955806688
75,26,4.296788579896727
26,109,3.6770073745077183
34,203,4.215215911084034
31,176,2.2129491611556027
57,204,3.962105532988264
72,12,3.0604572986116683
77,288,2.805987146330894
11,231,4.518750115421924
67,256,3.6093330375945127
69,132,2.9266180894668783
59,164,3.3138937546529035
39,82,2.3976898748824507
6,170,2.5318526317910663
86,154,6.1038935441655005
57,245,4.427347307256861
69,142,4.314203514314432
99,192,6.19684382269819
55,160,4.444027634835819
68,290,6.546240291214566
8,207,4.391592036261455
76,85,1.659912246412097
81,112,3.150676659283575
36,124,3.990472418422662
7,218,5.243968265388935
79,276,5.313753131525071
8,208,4.937127786273308
57,194,3.730067198528559
35,69,5.29846386017583
62,182,2.706205482177551
61,114,3.263897880150071
27,213,2.4237089215973393
91,55,4.26496570921435
69,162,3.9892181556012285
8,145,2.650372657869829
53,83,3.4589287413775005
52,275,1.6661465551499106
69,148,5.282788900449388
41,195,1.5140301755262318
47,48,3.1497897836548328
16,70,5.442369497082267
48,104,3.5713416848942634
48,191,4.688058437266288
60,141,4.680497112792147
4,178,3.5477028695533916
11,87,5.14283789213447
65,205,3.146855823307483
45,61,6.329611228728789
1,41,5.702694758648847
23,120,5.522758363358447
59,38,3.477062061071785
77,81,3.963746530139543
19,242,2.790923676506596
78,81,3.987824470789388
69,100,2.7183166396766447
70,7,4.773489442890821
22,115,5.452682300895749
38,209,4.088154779396949
78,37,5.788174161885418
50,213,3.3548317401385495
76,93,2.7934849656513308
51,118,3.0874894726304403
48,245,5.153156765000133
4,263,4.473232032754454
82,24,2.166430736511743
60,159,2.2849406964057177
67,167,2.302626444968798
0,288,4.2424129347214965
59,245,4.683069404755053
46,108,6.482648783573221
67,136,1.3935777851188322
75,68,5.8562218031393085
19,71,2.632600428264557
7,173,5.238727567490731
19,103,2.232172690542599
83,206,3.7007729812870584
47,120,5.272541227590053
32,67,2.180958233697823
30,93,2.4792779713447004
15,203,4.7483347732944186
99,86,3.5168717167122625
63,99,2.696522301531183
92,73,4.138894256902132
64,64,4.059375171571709
57,11,4.688937852344232
32,10,2.6958296388097645
90,152,4.153189684343409
18,56,2.3276130657019687
98,178,4.006020763745286
7,232,5.2864568773983125
42,191,6.278289502630438
81,16,2.5728321962746747
27,109,4.304378613257239
43,73,3.338774577039863
14,139,1.728613393406348
77,232,3.994979687712993
82,77,2.517938242322798
72,209,4.057998316442544
58,184,3.2659745987921105
89,167,2.8521110198714847
42,32,4.886727044775973
64,118,3.4999670399042344
66,144,1.8956696006665885
33,288,3.551707957601675
71,141,4.059924803706208
19,144,1.8303641174557304
45,265,4.176490677741815
6,238,3.492754082613805
2,64,4.2944369370439635
46,222,4.236020420094077
37,141,5.663373214421784
46,14,4.0037503003419666
59,149,2.8717947504274717
93,90,4.385680464783977
86,118,3.624256932510849
27,52,5.118909566390012
6,61,4.333649076889275
18,26,1.5813141547446499
12,203,3.1196453179637462
47,1,5.222705487735823
29,224,2.7736820273015996
88,283,5.022967417595928
92,40,3.8436760954644678
1,278,3.411428198647469
60,103,3.4096181766279856
42,218,4.383614128957195
17,4,6.592076479221758
8,82,3.7015087713375063
45,40,6.023995055327911
57,149,3.875688859836313
77,242,3.4891782019088127
0,205,5.775850881851569
4,6,4.899495216574544
56,276,6.075860797911166
24,231,2.622522982928538
9,43,1.743723985695546
95,184,2.5895207864547873
54,55,4.974230708862845
95,179,5.549901561765679
30,74,2.9016151248997044
13,8,3.667577547383913
25,13,5.66142612635044
66,258,2.253798485550337
77,149,3.9797711218265657
31,35,4.648684887366265
29,87,3.3057188410326686
31,154,4.281029802409459
90,65,4.540163478018634
14,278,2.456063870801556
84,246,3.7748804306741937
2,49,2.6809656133130884
85,43,5.153929163656812
50,49,3.877758030087864
30,19,1.8618543157887006
62,178,2.99900433787482
97,293,2.501767144476331
78,233,4.1582022940707635
29,79,3.9490797444052794
66,214,2.899526332984744
78,86,4.329787208565623
38,70,3.7003520107976797
75,190,5.972330379703811
34,51,4.724246176566605
62,155,4.564852821840211
13,119,6.572421815902318
77,247,3.083359772989489
23,91,4.0407153575234585
57,151,4.545744037079221
49,17,3.0442241790975766
2,223,4.789196717470658
1,192,4.8096894472025165
14,100,2.6267573245609994
18,34,2.668909435849284
60,285,3.514778576121556
49,225,4.534540560863917
85,37,5.175826894940846
66,134,1.9472177154517465
24,296,5.171300350480573
21,208,4.227231570285341
54,165,4.320833038011321
43,280,4.567470800252931
62,49,2.8812998392550258
32,7,4.494327912775056
21,272,5.640993777549814
7,172,3.8555489848352074
11,270,7.309260897878117
55,136,4.11926514261263
88,208,6.476295869504611
68,22,4.798160867967589
63,112,3.6794792605255973
68,36,3.042949351171567
62,137,2.3387137252915706
92,269,5.058896632879574
0,164,4.615865184440365
19,274,2.849834967316716
75,96,4.944603139453014
71,47,2.3366082021185015
60,208,4.735180944475167
45,253,3.971924687107053
44,204,3.9937050115463126
92,42,2.2589515086590652
70,87,5.003410043372732
52,53,3.328186998830164
34,136,3.5420710854594866
38,257,2.9064273472831563
99,291,2.9886644568082708
92,172,3.0999209127610374
99,155,4.383072581176519
71,80,2.7886721680131816
29,237,4.077094691420789
45,203,4.230849200300192
48,27,4.164148846602254
70,187,4.6003416142989355
61,199,3.726089572016625
28,96,3.0929712437074115
42,166,3.5917636326831404
37,143,6.219321373134791
30,185,2.8611967097077406
83,290,4.050493301551406
75,209,4.977224762784087
39,235,2.8980550305804837
58,171,4.655974922501501
44,227,3.678661619082948
23,134,4.262761825199052
10,199,4.934374831678919
59,290,5.33724305860823
87,260,6.2214400024605565
78,108,5.784399536230232
34,236,3.4591790966993283
37,204,3.7880973575424153
2,236,3.0794075112996304
14,160,2.3951169181694287
24,117,5.438232894116398
87,12,6.870714820860711
50,121,5.626191999908427
42,239,3.2748822468986303
25,108,6.108541954575279
77,289,4.946269721227791
55,188,4.908236920668187
19,67,2.9549544177498537
28,214,2.6579902657055374
61,120,3.7096396561558214
7,100,3.0913800639280113
77,218,3.47939321229649
63,9,3.007536562237027
64,12,3.3742469273293376
47,201,5.021251038611731
4,37,5.383612723450861
58,67,3.723918279741919
45,111,3.0430984297923667
76,206,2.779329898293973
54,78,4.264349408175095
90,149,3.662640711282604
83,98,3.906327094126511
95,94,2.8942524175264217
6,62,2.9988131521463104
88,264,4.437571010408627
96,27,4.111580220527412
57,133,3.348656094288341
14,280,2.998088929700969
1,59,5.398896959266029
12,12,2.5565244606784248
56,235,4.784223126084476
92,84,3.030636159837809
82,81,4.158311250983069
16,209,2.0522518933463143
23,125,4.32476979964615
21,190,3.7809311081738852
69,289,2.726361643206973
88,228,6.13055960292575
29,179,3.0706113068075593
94,173,5.216939382775069
41,120,1.5504313665770988
43,134,4.215391780673806
6,59,2.835207260264157
94,118,2.8288177734782685
66,70,2.135686829833084
50,292,4.197132288529015
50,140,3.972728759689105
26,276,5.820750661380783
49,168,2.706659191935382
82,247,1.7571404402821553
58,294,3.0690372801967363
36,43,6.581872107270764
77,120,3.8812874642556823
94,71,3.406012636982136
39,62,3.491891302657993
4,78,4.225089304830268
96,199,2.6138445324176867
10,129,5.878459040296746
65,188,6.06300816813049
38,192,2.7830367364783766
50,100,3.1827090997094083
13,230,3.319919465613221
9,174,3.930852328618126
84,199,3.8619887146368166
98,188,3.5974013366030895
92,168,2.858159851892981
92,36,3.4615436273366473
63,10,2.419589658328691
66,45,3.1741325113551135
42,86,3.0689247182516244
35,289,3.123255480354084
48,176,3.851314427356193
23,216,3.8201439223557534
88,194,4.716743987478149
69,134,3.906144421848519
9,231,3.842154307273631
94,266,2.2963970648724628
37,243,3.510398925514523
49,13,2.9469613188384174
32,119,3.5255860765164493
91,18,3.72474700732784
2,102,2.7749251497208385
39,36,2.054017699000722
17,133,5.134634026148275
1,40,3.2644199882461913
92,87,2.945605574001202
0,87,5.693387756476239
87,19,6.198647393829603
77,90,3.5994207538037672
26,143,5.258572208739777
21,151,3.3240290583017926
4,31,4.746207735172316
95,222,5.71108794177078
16,107,2.076529925273104
44,226,4.939549802123495
28,94,3.2922768926943515
84,286,3.7389577034325785
30,232,2.78428356225493
33,265,3.7716741423882314
38,241,3.6480963407890887
92,189,2.479158769965487
1,12,5.532144857550898
29,67,3.4043213774052608
26,77,3.8075382078538316
17,98,4.420012557908743
32,33,2.5099644565756267
57,205,2.8936143844010807
49,206,4.4380813566474995
51,219,2.670863271068511
15,87,4.417025297838628
63,87,2.7358527563425485
83,124,3.0255331215322423
35,33,3.4536024333446824
31,66,3.2990882891243976
58,243,3.9898128728634976
8,25,3.6396329007104855
31,196,3.206694806443173
78,132,4.335396263535608
50,117,6.329396805166377
54,146,5.4651004989786225
71,64,1.7973001535398512
13,62,2.99379505224377
95,124,2.4017454289492473
17,33,4.926986349577343
12,259,3.2764805174858944
84,101,6.269866656605199
23,200,5.728478026795109
99,299,4.027586029895619
10,186,5.477274951422507
3,77,2.6972488863124777
43,105,2.906228717052386
2,154,5.096635838420247
14,263,3.263643433757219
19,131,3.0149547812173623
66,95,2.475635773063225
11,106,4.119445293079538
76,270,4.281862298374507
47,141,4.038620883180011
89,269,5.553692029844418
10,87,5.687390265537698
69,241,3.695777862270996
60,47,3.681208157308739
44,218,3.792005449328662
27,18,2.508980610596757
29,106,3.1146745736880987
5,90,2.7991163041200924
2,177,4.542395712344721
23,240,3.723113082056561
67,91,1.9095111247087206
39,207,3.5049156336471365
91,280,4.042567756831291
32,41,4.044440837752867
18,287,1.7400394783906075
71,287,5.090543773100774
37,9,3.97356574848172
64,172,2.5822337101936133
86,116,5.7703767894395055
54,114,6.70722026408566
33,76,3.2043309652593894
12,0,2.79564204625675
50,263,4.713004922190063
39,130,2.178378027464697
23,139,3.5353219209170956
46,181,6.497162647687646
7,18,5.672730388025494
95,48,4.836290391799441
24,291,2.424322992052475
76,225,3.043799612918173
34,10,4.575875917383515
90,10,2.8637661022102705
77,29,5.245093825268518
52,128,1.8135452043599716
62,233,2.7346280684426474
99,270,4.1227549526892355
7,1,4.906901692234378
56,47,4.265300855009758
95,128,2.236100948744065
11,109,4.933756226996567
2,258,3.487667952519793
18,90,1.8819576659739936
32,99,5.09881114330773
62,19,3.6769940673037147
41,100,2.2579004248434065
68,9,3.0989492842318875
72,91,1.925615121760591
67,192,4.449362283486378
88,121,5.4040193358044
20,184,3.6243242107099363
0,214,3.877987616447664
72,71,1.9907810590966935
52,190,4.230691048690724
51,231,1.948021615164528
98,272,3.6211287370173664
64,24,4.074233454947451
57,286,2.8959123343351076
99,297,3.9025038422988194
58,18,2.785461423575787
55,147,4.745803930420645
73,107,4.3004620552883335
23,73,4.753434150446408
37,181,5.347079541249727
86,260,5.528280107461107
76,190,4.4551089056924775
42,117,3.8529558305331517
10,95,5.213850667260546
60,201,3.891821689681969
26,226,6.533588847990607
27,73,5.413628852096559
70,24,6.991386932069388
83,244,4.6305111144397895
91,36,3.0132232612848555
88,246,4.439943006181353
42,175,4.391092203573963
38,121,2.974555870187842
63,84,4.8640505869728425
50,66,6.299654435191833
54,126,5.193594046534822
76,94,2.632580742003298
32,38,2.5958901289626137
25,23,4.500547821395539
61,222,4.6274694866512025
64,291,4.798421288954785
2,101,4.988562774234658
3,114,3.7418136729637648
99,21,3.8487721589656325
49,23,2.3217463381061516
7,282,6.045900840762668
8,215,2.677056478671023
88,265,4.760651049982197
1,170,3.4252548252659163
71,181,4.875029098787642
67,157,1.8690648226994828
96,57,3.8949705702514237
58,220,5.275163561641614
77,137,3.9133840871888554
93,42,4.562475556830616
93,111,4.869725074233733
9,291,4.013830694495003
8,57,3.6695902266997136
84,151,4.403508226412559
53,85,2.588544932329759
18,162,2.5703083907434188
22,67,3.077111083288881
18,66,5.0440570641084035
52,171,4.192468881337575
58,159,2.696410743791916
39,262,1.9843730914667237
36,285,4.89049853880062
85,276,5.6563448343458465
82,144,1.5624852630298425
14,120,3.064218619476748
13,201,4.815388046063793
16,103,4.400694770165884
9,71,1.66757431531715
30,212,2.787905076997043
20,49,3.160619584499048
19,104,1.397402560303306
30,35,2.9194388896296424
55,75,3.628466367488989
57,290,4.059547674057683
76,48,4.537616196056855
59,170,3.0972243887506727
26,196,6.547405239033866
16,72,2.1725173900218535
11,159,4.847179132799038
36,299,4.682637747240785
20,20,3.3749223929758836
64,71,3.4294258844110415
24,255,2.6531202186932425
24,269,5.821800787083246
90,214,3.384861594239631
83,118,2.673018744826309
51,39,4.896636974291443
26,125,4.6674153914261725
75,260,6.075979527283488
25,26,6.434285871434286
36,16,7.056216293068677
16,148,3.3657411780996647
51,267,2.5092586375366803
37,228,3.971718535415927
12,24,5.332121177823263
8,169,2.2668620921155807
32,150,2.709367709651375
12,143,5.0030699287219695
99,242,3.8436323174228653
46,249,6.751428450176553
74,258,5.097935345047586
1,133,3.327675943659035
38,148,3.6103391833832417
75,235,4.080103121151129
74,130,5.617586776240629
16,41,4.347270732976735
55,83,3.21338304649299
45,134,2.9869640229675896
12,258,2.104000301056799
73,208,2.972300036294651
92,241,2.3015606545448075
33,240,3.7398275214075936
97,193,2.140806070798888
65,246,4.168968872794174
53,122,3.93467029335951
81,255,2.746991637693475
38,46,4.305695806478285
94,109,2.227240092579813
63,62,2.15189396033163
40,264,5.147690020545366
91,73,4.918847656262833
62,60,1.8534281298942543
0,155,6.755145069053259
70,108,4.802909757853703
51,170,2.5697580717155604
62,65,3.291207844976119
47,112,4.47570848963906
47,240,4.669561552264137
52,0,3.6677060787012494
93,120,5.380307010805083
92,135,2.347325536401716
46,119,6.757990190663785
85,271,5.189159431376689
85,124,2.5310358748024187
74,222,4.599091985338981
87,278,4.618298930221593
26,158,4.965289687513661
75,100,5.639480949242498
88,173,4.845006919897305
29,268,2.8642991194021117
50,208,4.136033428605649
56,79,4.9414616100573
51,220,5.362091222361349
20,243,3.6260978639083072
64,285,3.717984295621561
29,177,2.667596440019379
21,167,3.8935856146332717
75,155,6.791116673498807
55,263,4.883536821820971
87,182,5.03284282617099
76,287,2.8727241794065255
61,37,3.85622055547553
10,196,8.26388720159436
72,265,2.6810048794903687
20,269,4.96495526970342
75,158,7.183798514363657
13,145,3.8637070505359143
86,91,4.439119971800139
85,32,3.2555617605320553
16,20,2.4962157628508654
57,251,3.38422648516697
27,136,3.1154959251748124
76,95,2.7341453817911683
62,168,2.0070626265554568
41,72,3.1234929452452005
7,267,3.971443036473841
56,63,5.237349022288779
76,30,4.2738471211549385
5,211,3.858915851951573
69,276,5.058093176529788
94,275,4.010706062956082
41,266,2.4192480844703526
87,4,6.5415504961015
90,187,3.334690950903832
32,146,2.4473317810184017
31,16,4.856711060973779
38,176,3.793308078654015
93,164,2.6570940629032034
18,92,1.8098767682318935
63,30,4.968603593333568
2,125,3.269831216785432
53,16,3.6671249289931778
14,68,2.266802359492426
1,200,5.7214150083169315
51,138,2.0459508769792323
24,244,5.182748717377203
89,30,3.945828782576876
98,23,3.2293643339967613
27,32,2.601659978149761
67,243,1.1832258192651812
78,258,6.460487945581314
99,158,4.4036098264778465
97,132,3.2227418371458545
58,204,3.562458786072099
44,39,5.099129749623834
75,273,4.288178606038322
23,208,5.4408008438603614
44,266,3.3624476355554287
95,158,3.3055875133559436
83,63,4.473756785427609
94,210,4.456428244020581
96,123,2.7755323246921617
91,53,6.0133698908927045
15,198,5.605536979001264
18,271,3.110763657625793
48,95,3.8876329532223113
98,172,3.0102615696258836
10,218,7.591257657873153
28,77,2.087064480819625
9,14,2.013105332743334
65,43,6.021236528265644
63,280,3.6439540420521905
98,87,3.031726324354381
82,54,4.754539393604127
54,95,4.9045677717857
37,227,4.898856473594764
54,116,6.034406859253222
56,265,4.551841680280214
80,204,4.408989600338526
49,215,2.4502214021273363
19,295,2.1021126462886555
2,257,3.4193921125823294
60,134,3.025384696104544
67,82,3.4476201371812163
84,177,6.3937536903271255
8,224,3.0605230146521065
43,49,4.514966965300649
31,182,2.5653828364193982
5,179,4.470512565850023
72,19,3.7635217917997976
99,180,4.157143870288868
25,133,4.024985114424828
98,282,3.5249291367867848
85,102,3.7155266117834023
21,117,3.3448931078422515
39,110,2.5913879898634926
14,37,3.2692049570113078
10,70,4.90987522758549
29,95,3.15569341106147
49,108,3.7454425017398782
42,2,4.22447033946917
45,89,4.301796732610071
12,33,2.9031696618880622
55,150,5.829210578086135
92,35,5.62362104789166
1,148,4.47957443205427
89,266,3.756575502530362
29,126,3.3608621246336594
77,167,3.090944811628656
24,10,4.252517807627059
90,162,5.593916419738883
96,17,2.090152609146737
72,208,4.4651756417216335
43,23,3.4338555734309475
72,290,3.3979044701058667
81,74,3.5128767667041574
9,94,1.6988545331802536
46,171,6.938229930880281
91,161,4.345706304520955
77,264,4.690820402735664
54,148,6.151142529781343
27,181,4.201277660814333
83,64,3.102211480209294
32,0,3.0995722534753423
89,149,4.197245492633037
3,10,2.683508770962968
97,6,3.9578173461806365
60,20,4.804465227206269
42,55,3.2969941102058233
7,82,5.161611664450193
21,176,3.6624657067466218
84,183,3.698130307438909
68,41,3.6283888646614852
0,123,7.1299405679800785
21,61,3.729867292187093
88,143,6.210833666617158
76,177,4.316741237194859
14,283,1.5057009253925866
53,59,3.289405998156981
32,65,2.651831721827366
34,118,3.012821341630351
87,71,4.160494358781992
28,255,2.456872226529145
9,70,5.189742541823379
19,6,2.919311287555888
78,231,4.196141935042759
83,22,2.326427396033187
14,230,2.4667432666139146
77,260,3.701894686158417
24,128,2.3427395943139224
77,228,3.326917941590137
94,172,3.194757960204957
71,267,2.363423220360139
67,21,2.776947631611626
91,108,4.972062683401699
49,214,2.3858999387784534
37,257,6.256684805068483
88,213,6.175169223715919
46,216,4.623070136423676
10,83,5.6714641277766
69,59,3.850168910655245
48,72,5.167716874886206
13,270,4.803687583310348
67,163,1.8143852303231622
92,288,2.2347852230793555
70,129,5.294899661129738
77,150,5.298470369516248
53,148,4.641446370895067
87,244,4.466235714939013
6,42,2.353216090059559
69,93,3.3529446059020853
91,223,5.902320935926945
61,210,5.76454790904226
43,42,3.6795098981171583
75,183,4.048463862957564
77,39,5.849775870051182
80,21,3.0985006942079054
73,121,4.409823467361923
5,71,2.8981373876486516
56,240,4.101604578566702
24,209,4.127981610989918
90,294,3.3072573301832313
90,249,5.762528046956641
9,106,2.4005652171463314
60,255,4.352248490580399
10,255,4.69137810114974
11,278,4.970849477438589
51,210,2.2981505936528968
20,111,4.060012207448552
6,140,3.0434096754354587
97,119,3.553733452895737
57,259,4.718292331900259
17,20,3.803866663315865
96,116,2.599527723876903
61,144,3.125460653476978
1,61,3.5562680668910334
26,274,4.107133833401449
26,70,2.6699828457669166
1,112,4.9070503156170195
52,202,2.5626732152070155
27,274,2.730013621776386
25,160,4.370029947916016
94,144,2.875867225659565
86,138,4.74273140243868
19,199,1.6571153231599183
81,165,3.436033196024573
97,178,3.1636426328540055
25,88,3.5241296095514505
92,191,5.561846720117426
63,122,3.2370778253319403
40,178,3.8430114173333405
61,252,3.8082838164322106
62,150,4.985453087717394
7,181,4.932881910215664
44,44,5.895080078110332
97,139,2.2441492827710072
59,277,5.217303095139286
17,237,4.6701325589709475
96,228,3.119705689733219
58,188,4.830345936131826
22,182,2.9630790709949215
47,159,2.8342984719370916
91,39,4.139129817299222
3,94,3.5403528929306227
70,6,4.626132832344815
71,149,2.9181178890843964
44,147,5.845165753172374
99,292,5.7048891999950495
27,43,2.5441017832856954
30,117,4.185069485059696
58,13,2.7269251419680436
21,6,3.0024286802230686
90,188,5.0078494963113265
13,276,6.060596264856012
50,155,5.967779548179126
37,134,4.5987973406891225
64,275,5.0912796486959895
81,156,1.5792038643208604
20,45,3.5203554076137205
54,50,4.360796201330745
36,258,6.915336700488589
62,260,3.775368711020542
44,145,3.064588088592311
80,227,4.147995068768537
90,267,3.7422560036917076
86,68,3.407915132399002
24,84,4.868886241084348
11,20,4.794922511486162
24,118,2.99037596212483
75,23,5.5046132277876625
43,91,4.0003953729071355
45,31,4.120630764334431
10,7,6.173365727087997
13,58,3.0926101428196406
44,86,3.184059423840108
48,283,3.2093691060293352
98,287,4.09361535087444
0,38,4.766018246876099
30,102,1.8008787672432502
63,106,3.134149285005025
83,171,3.038939673419172
59,223,5.388663802888519
20,106,3.9728361242483565
2,118,3.21662868377475
51,276,4.337011282117306
59,186,3.7724363851717295
13,242,2.634596716621675
38,125,2.4747118257456284
0,251,6.0931258733431
49,99,4.06655270912669
66,51,3.0327186649755324
89,89,5.011722432484569
79,99,5.0380439187914945
60,133,2.4233711307668004
70,40,6.562978839967036
39,258,1.975442150846912
87,180,4.233018986533247
86,199,4.244649063187857
15,116,5.193257942035468
35,7,4.982256206870136
44,18,3.576920042985038
66,48,3.2926391165884383
3,178,3.0111194899122324
24,125,3.5602486206472097
98,93,4.978109194095058
33,3,5.010793068144885
76,202,2.597599260071842
24,295,6.375498680528776
61,140,3.425180632573646
5,271,3.056201356953833
99,39,5.036521827481748
29,84,4.550250849081631
86,100,4.750483586380321
67,61,3.8685068535298908
93,13,2.65430238050094
57,262,5.0945575135663725
94,222,5.375748569008769
72,184,3.002831682168552
97,244,3.8656457121269887
87,189,5.539868445705581
79,259,6.518718317184703
82,28,2.280842300536417
69,4,3.8192047550356096
82,299,2.1607265302636356
58,125,3.59788779093126
41,74,1.915804075170441
81,23,2.407613807716855
94,292,5.040858987530373
66,202,2.5185257580147433
17,202,4.03375438980601
37,217,5.794099814113707
0,178,5.446637673406356
58,122,5.670868159671962
62,185,3.2449719879353487
61,45,4.2079722062650315
37,19,5.5142283295009475
32,97,3.191809462314949
14,18,3.022020511420015
20,38,2.886057588617037
47,35,3.777309600894801
18,45,3.024933386871097
50,181,4.773918324341532
31,6,5.1304863780582535
10,69,6.525142329538813
6,104,2.2423824526332345
51,17,2.198346482865334
2,217,4.392819332098185
49,262,3.8883225626260782
74,271,4.6139860610524766
68,80,3.636116710001645
0,274,5.337209793559165
15,230,3.2154487710255912
38,142,3.3961835122117527
46,54,6.81936498233499
47,50,3.877340398467389
96,231,1.4669729319064477
96,3,3.195542116758921
86,157,3.986013880251833
9,126,1.8546052139362956
16,297,2.204265054681777
26,230,3.4493485967124915
26,250,3.065178396221987
86,141,4.811561092430409
63,295,3.605256389431343
92,32,3.213405029983949
24,108,5.359498801150858
75,286,5.166598661440555
97,275,4.173132497810264
7,178,3.0316967520715683
87,198,6.067071285326813
81,196,1.575769825025201
49,110,2.444117244582945
4,275,4.485472740534558
98,195,2.48264302794228
37,274,4.115164199236744
48,206,5.0336349744244595
80,191,5.136745675100892
32,20,3.286367241919066
80,217,6.308545966249877
29,294,2.617969636707057
57,15,3.7122540881452446
69,299,3.711833780507761
19,38,2.5176821511607215
91,195,4.475884577248664
10,177,6.110663914328839
91,170,4.44692453612318
94,211,5.608809061269248
86,96,3.3340506144904363
50,85,3.614145457173476
79,81,5.123465327761539
92,120,5.737957455581511
66,205,1.78363731192526
49,291,2.8587195716124345
47,11,4.784176843064364
92,233,2.572621102095267
41,138,1.7888222868708028
43,184,4.453960896386322
61,78,3.65407449327559
74,283,3.3462186833200294
64,196,4.061877160509057
11,208,5.751809958011482
67,153,3.9257573059847237
27,72,3.1599090485322536
22,22,3.3287378502834852
99,128,3.118140919058423
64,66,4.1246879642317325
42,141,6.127941082474153
48,171,4.4388389629092675
45,64,4.581241570003556
64,225,4.498263623283856
82,179,2.7622463952506933
84,74,5.228774369039683
49,152,3.089067676744518
24,70,6.291664259383588
38,243,3.9933217916203665
6,245,4.671199806097746
41,20,1.4527941748824797
61,180,3.6830137575635162
12,138,2.7364534366753013
96,284,2.5305516066850378
3,176,4.205217338200465
64,80,3.0444779605447625
48,252,3.8498221984329084
14,231,2.466148557351662
40,169,4.550101061138726
92,209,3.9959609743388373
56,262,5.129783573103449
8,181,3.6058379378866654
14,4,3.087015031674138
84,201,4.995193014270999
55,71,4.04043685398863
58,27,5.096297843697596
89,256,4.864030877166668
78,89,6.564732885795477
80,268,5.992362915645361
59,246,3.807163810750322
51,151,3.224657643886564
4,170,3.9404816386182975
88,5,4.620173057951379
66,226,3.1266174396375797
85,42,2.757127389759942
53,260,4.86656874495622
1,19,5.447990941091753
67,204,1.7807420023899683
63,248,2.4064035675248476
70,101,5.206376570453117
50,97,4.311719923062446
54,190,6.47973456475706
17,145,4.490113908265547
74,143,4.916405897698469
40,5,3.2100645034835265
4,35,4.539398885922476
24,276,5.419260578659327
44,142,5.409060790125666
22,127,3.5850804602362536
25,285,6.521201499336183
61,171,3.361116145909551
87,133,6.70885023241185
97,99,4.9847854061137875
56,176,5.352050940971869
18,155,2.1208763242354416
53,49,2.9795413193389853
52,133,4.808864584183825
21,200,3.763929695544999
59,256,4.772728393028073
78,208,5.857122430342983
20,169,3.6632842858075136
63,27,3.03032570412587
61,260,5.088287162077106
76,38,1.841492310202708
62,213,2.8965363551368473
48,163,3.322110483555352
79,188,4.92489115204386
25,56,6.708035055785083
61,152,3.9359302626890766
46,79,6.651077567607332
60,146,3.458500219076987
50,70,3.515347779099106
32,102,1.7531126511596424
67,146,3.5655707965168078
42,279,4.3747031010562
11,82,6.885277227105296
21,257,3.124880700481824
94,19,4.004989922309567
24,279,2.715619463564466
42,216,4.054545206379212
74,268,4.428043640112656
67,206,4.6371538147669105
48,286,3.0461477877666048
30,290,1.6165760317144662
32,182,2.5116312982061557
49,197,3.8030033024623195
18,127,2.3105391344710187
53,294,2.991502935434671
9,150,4.950703781339119
16,120,3.185491051012368
64,294,3.5074934558271194
22,245,6.540975027294211
86,249,5.345863799833035
61,51,3.6962970600185177
49,84,3.9043501495205564
61,186,2.628525336771581
89,79,4.323474812125541
24,28,2.542548107424112
66,212,2.3197669335282494
54,212,4.7174238676702975
59,15,4.835519143601495
11,83,5.511062785341258
63,159,3.2123664789632027
67,142,4.228593986696563
31,68,3.4481357267072426
14,10,2.7029461784711524
35,128,3.483644134239834
42,153,6.2724629199901045
72,1,4.286941211112731
72,20,3.157829436548911
67,36,3.6763571193905653
13,115,4.100385361956051
12,105,2.5732918656602273
40,101,6.221095030833809
17,210,5.658011149648528
41,144,1.7254092152921263
68,38,3.9046098690300823
76,249,4.405001970529541
72,95,2.266786200973493
55,202,4.512977645017381
9,226,2.0860342490923536
26,55,4.9678213044725075
55,164,4.019978192523199
83,263,3.456662704849525
95,137,3.239911777761062
18,203,2.636723296120843
4,248,3.3410932204927795
41,154,1.134893126087356
44,0,5.590423109957214
75,278,4.916736571068999
40,249,5.9438375304760225
40,198,5.287562946604716
80,169,4.815847083285054
97,11,4.463550623712884
15,186,3.1462723174933593
77,258,6.037314105446163
37,156,3.6985209884954164
92,76,2.8932726256485033
99,115,4.107429881349525
45,261,4.999009185439732
53,228,2.6794478300800115
2,222,4.24353441799881
89,227,3.0046343871765915
43,176,3.2470627358949806
27,130,5.640094074134108
48,290,3.4449912074864315
23,173,6.2015242710728185
25,252,5.956507243033584
53,66,5.105733207344351
60,257,2.5072483863588038
42,90,3.745506950140241
82,94,1.813240035780738
27,244,5.52893552956856
7,254,4.116959697382803
19,33,2.7024472186919133
85,266,2.938320630344627
29,151,2.6800899469141415
41,286,2.3779780264113377
78,18,3.9541212343200915
36,104,3.8732245712683606
31,162,3.1907323803189236
29,290,2.797143514030806
56,6,4.599743878910815
58,107,3.5571809384210717
78,151,4.298497650448191
40,109,4.5257348918166915
54,281,3.8772697704766963
59,163,4.4242400587865784
19,40,2.0897907082308564
51,80,3.1466794088870675
23,209,4.634038740069892
98,254,3.463349425966675
35,119,3.754706079895253
78,113,4.164724027585462
49,211,3.809274073163096
76,42,2.9536417162196322
12,28,3.8293069993215445
54,168,4.793212566481721
81,97,2.2506654761306777
62,100,2.9712579939340493
67,143,2.375924069720729
52,242,2.899760388223938
56,223,6.677339164474116
11,135,4.188545805038964
95,149,2.9671473480203407
18,254,2.0256856223827366
43,262,4.613915060066528
96,157,3.9761404671847855
28,278,2.1185928827552405
94,152,3.1884943465170585
21,24,3.003390581204457
96,65,4.201548564633151
41,137,1.5659003982628503
42,251,4.207530406168545
96,203,3.823439472931729
85,187,3.9976067198546805
19,221,4.547170268968281
51,247,2.597424904768046
97,202,3.4003863594450316
35,92,4.08337428846008
96,275,3.370740727841192
66,9,2.4998315611932345
13,278,4.317661376169787
36,218,5.744347991282317
93,49,3.9016826241592693
52,165,1.9826220667703192
80,156,5.34668017623334
57,113,3.4804937354576615
17,138,4.048157675578763
53,202,3.2548038268875947
92,130,5.172292786954603
47,121,2.211121804886546
93,99,3.650508727766947
61,115,5.255808685216396
3,58,2.6165842175359737
18,144,2.7272283610268757
45,242,4.050262826247631
93,273,2.5615889524014497
42,219,3.76320627492671
34,193,5.79372349729372
53,280,4.937980655673132
60,144,4.641521926579442
76,58,2.4486995611555042
27,85,3.9796962470524053
64,57,3.5874816114916035
5,31,3.689117595778066
39,180,2.525858463627077
81,171,2.7031079522701047
87,91,4.148769700346414
8,210,3.907897481001868
7,151,3.837756174604208
49,218,3.969234068096933
52,195,1.538021425845247
90,4,6.464150966990448
65,63,5.162861739313867
22,30,5.720015995992312
58,267,3.2620801786594336
91,96,3.302820534405182
79,34,4.5755080682633675
91,247,3.874017012359922
76,91,2.982206080323086
56,23,4.552673176883575
16,29,4.714974030416558
9,172,1.769227307569463
35,204,3.493407529373284
43,21,3.313533722265666
2,18,3.233254218049336
8,241,2.5283068144196026
78,138,5.187179604984085
78,248,3.738666305556303
29,161,2.844490326355129
51,102,2.475615764631125
45,296,3.3984860302700257
97,35,3.905593609362906
5,256,4.400744748377712
8,96,2.3127492330708677
7,243,3.857823795930329
18,165,1.7542953417714124
37,51,4.737646338613925
96,260,3.245007298895657
53,267,2.7710666449318784
85,98,2.7382230643374506
5,153,5.259451463233587
51,105,2.7334444378458804
11,163,4.372151534875398
89,91,3.9792202232326632
42,221,4.075064910386551
46,61,4.145166930077734
7,280,4.315744080130241
52,149,2.214438616419563
58,195,3.937558054987591
91,199,4.64294852390497
7,205,4.0042355538757874
71,150,4.301102750395817
94,27,4.932929544686181
81,173,2.810580550577321
97,111,3.2675726041019115
46,49,3.9616518861941827
5,298,2.6885605670696697
28,219,2.871145175430255
87,202,5.112964869694673
66,86,2.884514740916789
15,270,5.88764235924689
96,283,2.9923359210006453
10,254,6.3845321502736665
0,296,5.26664297742901
35,170,3.975308695562192
52,168,2.3727035839669846
32,274,1.7734381044725427
38,69,4.7510160986193055
68,258,5.450051551529891
36,252,6.037243021255733
31,211,3.8214958065683984
37,104,4.51209892681261
87,246,4.858037465149439
92,18,3.814305741407575
46,173,4.24622453655174
32,82,2.2896571912379153
2,116,5.432593899678382
67,103,3.181585108941309
32,124,3.045152517594637
84,96,4.193573682312844
5,48,2.392422272971772
5,18,2.8810982462188086
81,245,1.2643756553204568
32,223,4.028928376606498
53,287,4.649854745105642
31,81,3.2027987122778274
22,226,3.6950729078778863
53,157,3.604623294628258
2,98,3.2690260236183226
72,125,2.6316885628417443
